-- phpMyAdmin SQL Dump
-- version 4.6.6deb4
-- https://www.phpmyadmin.net/
--
-- Servidor: localhost:3306
-- Tiempo de generación: 13-02-2019 a las 14:49:42
-- Versión del servidor: 10.1.23-MariaDB-9+deb9u1
-- Versión de PHP: 7.0.30-0+deb9u1

SET SQL_MODE = "NO_AUTO_VALUE_ON_ZERO";
SET time_zone = "+00:00";


/*!40101 SET @OLD_CHARACTER_SET_CLIENT=@@CHARACTER_SET_CLIENT */;
/*!40101 SET @OLD_CHARACTER_SET_RESULTS=@@CHARACTER_SET_RESULTS */;
/*!40101 SET @OLD_COLLATION_CONNECTION=@@COLLATION_CONNECTION */;
/*!40101 SET NAMES utf8mb4 */;

--
-- Base de datos: `fi`
--

-- --------------------------------------------------------

--
-- Estructura de tabla para la tabla `activity`
--

CREATE TABLE `activity` (
  `id` int(11) NOT NULL,
  `plan_id` int(11) NOT NULL,
  `actividad` varchar(45) DEFAULT NULL,
  `tiempo` varchar(45) DEFAULT NULL
) ENGINE=InnoDB DEFAULT CHARSET=utf8mb4;

-- --------------------------------------------------------

--
-- Estructura de tabla para la tabla `acudiente`
--

CREATE TABLE `acudiente` (
  `id` int(11) NOT NULL,
  `id_alumno` int(11) NOT NULL,
  `foto` text,
  `nombre` varchar(45) DEFAULT NULL,
  `apellidos` varchar(45) DEFAULT NULL,
  `fecha_nacimiento` date DEFAULT NULL,
  `identificacion` varchar(15) DEFAULT NULL,
  `sexo` varchar(1) DEFAULT NULL,
  `direccion` varchar(45) DEFAULT NULL,
  `password` text,
  `parentesco` varchar(10) DEFAULT NULL,
  `telefono` varchar(12) DEFAULT NULL,
  `email` varchar(45) DEFAULT NULL
) ENGINE=InnoDB DEFAULT CHARSET=utf8mb4;

-- --------------------------------------------------------

--
-- Estructura de tabla para la tabla `administrador`
--

CREATE TABLE `administrador` (
  `id` int(11) NOT NULL,
  `foto` text,
  `nombre` varchar(45) DEFAULT NULL,
  `apellidos` varchar(45) DEFAULT NULL,
  `fecha_nacimiento` date DEFAULT NULL,
  `identificacion` varchar(12) DEFAULT NULL,
  `sexo` varchar(1) DEFAULT NULL,
  `direccion` varchar(45) DEFAULT NULL,
  `password` text,
  `tipo_rol` varchar(45) DEFAULT NULL,
  `telefono` varchar(45) DEFAULT NULL,
  `tipo_sangre` varchar(45) DEFAULT NULL,
  `email` varchar(100) NOT NULL
) ENGINE=InnoDB DEFAULT CHARSET=utf8mb4;

--
-- Volcado de datos para la tabla `administrador`
--

INSERT INTO `administrador` (`id`, `foto`, `nombre`, `apellidos`, `fecha_nacimiento`, `identificacion`, `sexo`, `direccion`, `password`, `tipo_rol`, `telefono`, `tipo_sangre`, `email`) VALUES
(1, NULL, 'Edilson', 'Laverde Molina', NULL, 'admin', NULL, NULL, '21232f297a57a5a743894a0e4a801fc3', NULL, NULL, NULL, 'edilsonlaverde_182@hotmail.com');

-- --------------------------------------------------------

--
-- Estructura de tabla para la tabla `alumnos`
--

CREATE TABLE `alumnos` (
  `id` int(11) NOT NULL,
  `foto` text,
  `nombre` varchar(45) DEFAULT NULL,
  `apellidos` varchar(45) DEFAULT NULL,
  `fecha_nacimiento` date DEFAULT NULL,
  `identificacion` varchar(15) DEFAULT NULL,
  `tipo_identificacion` varchar(4) DEFAULT NULL,
  `sexo` varchar(1) DEFAULT NULL,
  `direccion` varchar(100) DEFAULT NULL,
  `password` text,
  `tipo` varchar(45) DEFAULT NULL,
  `telefono` varchar(45) DEFAULT NULL,
  `tipo_sangre` varchar(45) DEFAULT NULL,
  `sede` varchar(45) DEFAULT NULL,
  `eps` varchar(45) DEFAULT NULL,
  `prepagada` varchar(2) DEFAULT NULL,
  `email` varchar(100) NOT NULL
) ENGINE=InnoDB DEFAULT CHARSET=utf8mb4;

--
-- Volcado de datos para la tabla `alumnos`
--

INSERT INTO `alumnos` (`id`, `foto`, `nombre`, `apellidos`, `fecha_nacimiento`, `identificacion`, `tipo_identificacion`, `sexo`, `direccion`, `password`, `tipo`, `telefono`, `tipo_sangre`, `sede`, `eps`, `prepagada`, `email`) VALUES
(13, 'data:image/jpeg;base64,/9j/4AAQSkZJRgABAQAAAQABAAD/2wCEAAkGBxASEBUQEhIVFRUWFRUYFxcYFRcWFxgYGRUXFxcaFRUaHSggGBolHRgYITEhJSkrLi4uFx8zODMtNygtLisBCgoKDg0OGxAQGi0lHiYtLS0rLSstLS0tLS0tLS0tLS0tNS0tLS0tKy4tKy0tLS0tLS0rLS0wLS0tLS0tLS0tLf/AABEIARMAtwMBIgACEQEDEQH/xAAcAAABBAMBAAAAAAAAAAAAAAAAAQQFBgIDBwj/xABCEAABAwEFBQUGBAQFAwUAAAABAAIRAwQFEiExBkFRYXEHEyKBkTJCobHB0RQjUvBicuHxFSQzgpJUwtIlQ4Oys//EABoBAQACAwEAAAAAAAAAAAAAAAABAwIEBQb/xAAxEQACAgECAwUHAwUAAAAAAAAAAQIRAwQhEjFBBSJRYfATI3GBkbHBodHhFEJSgvH/2gAMAwEAAhEDEQA/AO4oQhACEIQAhCEAIQhACEIQAhCEAIQhACEIQAkSpEAiEqRAIViVkViUBiUIKVCTchCEIBCEIAQhCAEIQgBN7Za2Um4nmB8T0Cjtob/p2ZucF50E/NcxvXaqo9znPM/pA3+Z0aOP3VcslbIshjvdlzvXbprHd1Rp46h0E5DmTuHPRU29trrwc4/5jCZ9miwgDqScz6KtvvB5lrCBikvdxPCTuG8opWim1ozkaudrPDCOJKqbb5lyjFciw2fam8C2HV6g6hod6g6dVM2HbC1Nw/mYwNQ4Ak+YXPv8TaXYadMeTWu13yd/NZU6bn4i91QCNA4ic9ZGZUbmVR8DuV27UWeqAC4sdvDgQJ5HSFONcDmF56slpa10AuaBq57nOHnmrVcO2NSjUHix08JxNBBbI0DGxLSeXE5KyOR9SqWLqjriEzuq8qdopNq0zkQJB1aYmHDcU8VxQIkKySIDFIVksSgMShBSoSbUIQhAIQhACEIQAq5tVtPTsrHHeBny4DrOSl71tfdUi6c9B1P218lwraK3m01sTiRQpk4Rvc4T4uuvQKrJLoi3HC92OL1vZ9Qd9VcS5wnDuHBonQbyeI6AVI2o1Hl5JLQdP1GcgB+n+603pbDWqFugA9kZQ3cORTdtXD5fDksEixseXnbj/pN1986Z/pHIaeqbV7UQ1tOdcyeA0Hw+aYU354jqTPxRVqhzo/eSyoxslKVsLB4BG6d/906s14PcJJceRJA9BuUFRknz9P39FIU3gNAAzdPoOf73qGjKLJRr8WmZOWhECZ03J2y1hrA2kwF0k4oYACTOp1Jz06qIGIiNMtBxJj1T5tKGEcCD/b0+Sxszov8AsFflak9pqjwPADo0GWROeULrIK8+XczwSw+yYjiYkyuv7BXsK9lDCZfShjs5kR4TPT5LPHPeirLCtyypEqRXFAiQpUhQGJQgoQk2oSIQgVCRKgBCFptVdrGlx0H7hCG63ZT+0S8MDcMxDTpxf4R6D5rle0bRTp4WxuEDpp5ZZ/dXzaS0CvVe/cMOW7KCOuipl+2DKdSd3ADX1y9VqyfeZuQXcVFGqNwA7yYz470d2cMRnEqUs12Oe6SN/hCtN3bOgUy5wzM5HgPuplNIRxtnOanx/otbJHXJPbXSHfOA3EgeS21bE4ucN4OvQD7rOyvhYzoH0n7j6p010Fp4EgdCsWWQzpwKlqN3iM98R11HrmockZxiwoDMEDXXjmAD8lKCzkgsI9ppgjeORTay0yKgY4ajLqFZLFYvywf0/RUTlRfCFlfum1mm8UzmQW4p3iImPRdQ7MnNFWqG6FgI8nAeua55tVdhpEWhvslxB8yIVo7JLf8A5gtJ9pjm+YdP0WUHumV5FSaOvpEqRbhpCFIQlSFCTEhCUoUAzKRKkUkAlSJUAqpfaDfHdAU88wD/AMjHyn1Vmvm8mWai6s/QRlxJMALl+39807SxlVmR7slzZkiCSPhmrMSTmr5WaGu1EYQ4b3228rNZtYcxuDLEGjoWmCPmoNld7yW5y972joS1vyB9UypXiW0nnewseByJg/RTt21KZq03DQkOHnnCo1+J4c8l5/fc6+kyLLjiyauy4wfG4QZEesD9807vcNo2eo79LXAc3HIBWylZWlsdFD33s/UtBFIFraQMkyS5x6LU4GbPGjjly3C6o81CPDiieJnOFP3fcRqPfUjwmofQ+EfCCr5bbhMCz0G4GNyL+Z1jnz4lPGXYKVNtNg0P7KyabEXFHLbZdGCsRGRz+U/H5px/hRLCAOA+xV0tNx4qmIn3QPQyt5sbWiAFjuTaKj/g8lpPGfgpmzWYBuGOv1T97AsaYE5mFhJFiZhelkbVsz6ZE+HIdFzfZy1/h7U2CYxEjdkRPzBXW6DG7iCuZ7SXG6z2xobmyo6afImZb6n4rPFzplOZbWTzNvRMFlUeQPyenln28bufUHk/7FUe0XZUY4sc0tcNxGazp3UTrkvUvs7A1ab+p5VSkny+51/Zfa+nXf3Ln4ifZMQeh5q3FcHuEtoVmkHUgSBoZyM9YXb7vtQq0m1B7wz5HePVczU4PYz4Vy6HQ0uVyuMuZvKEpSLWNs2JEqRSQIskiVAUPtZtmGztpjecR+IH1XJ7lpmo6syT7LT6tLfqF0LtcqHG0fwD/uVMuJ4ZZ6xGriJ6YMvjKvxJukjzPaOT3mT5JfoRVjZDg06O8J88vmrBcNiNNkaFtVuHPQDMj98VDWyzvEgHqeas13VxVNAfrqtxdQRin0+K3O3MDqOVfB/j8nb7Iy88b581+Tq1n9kdE5BTVmQhZF5jRcKLOtJG2oU3fBWFSqd+SxZnvU2OEb1gmNYqWr0jEqqX3ePdysJFsdzO01dwUVaaHvOfHmq1br3q1qjaLKgp4g44jHujQTxMKqU7NWqWlzC51VocA14xZiRnBzGU5FSsdq2Q8tOkdTu624XRikJ9tJZe/p03NEllVjh03j5Ks7P7LH2jWc0z7OuW4HmrJfE0bHUwnNoGf+4SqOT2Nirqyq2u3ueGvq+14h0AdEeSi694hM9tbaafcnTGHu9cBPxJVX/xNeq7Oyw/poX63Z57tOE/6mfCtv4RaxePArtfZ7aTUscndVeB0yP1Xm2hbQXN4SCegzK9IdmlKLsou3vxPP8AucT8oWv2jkjKUaNfSwkstvwf4LOUIKFzjpmaRKkUkAlQhAc57WLLIY8fpAPqfuuYXDaZfUoH3mSOo8J+BXbNsbOKratLf3AcOoL4+QXD7JXYy1NB1e4gcIc37q3HKjz3aOLvzaV2r+cf+I3XlUMg8Wgnrv8AirzcFx0hZKNak4mrDaxmc4OYG7KIVGvfLyc745j5qzdmt9SRZXHNpc6nzaY71nxxDo5drtZTyaNShy2bXiv45m72NODzXLqtn5+tjq1AhwB3EApnfN5ik0ACXHICYknSToBzOicUC0S1vu/sLB9ma4y4SvKW+h6NJXucm28q3jSqtdUqtcw1GjAyoWANLQ7EADJbmRiO9uitmxN4VSG0343Ng+N2RGfhGeshTltu6jMim2RoYkjpOiW7rC1pLt6Slb2RMYUm2yWrVfCqfeNkbUc4FWirooO0Mh8qvIy3FFJFRt+zxb4m7uIB9FhZrNU0LlbK8AGVA0ng1ICxbZbGI/u5mFPLfQ7yjUZxbv0mQRPmmgOHNbLRa3CjVe0SWMc6OOEYiBzgLFW3RlJVuci7SKru/pUTk6nTM8JcQYHQAKpCVZ73tv4mq+pUAh5nm3KBB5CFA1LOWvLDqD68CvSQ0zxY4r1fU87m1Cy5JS9V0HV1UJcJGRIH3Xp3s+P/AKfS5SPivN9haGkD95L0rsNSw3fQ5sxeua08rTlsa2nblmb6V+SdKEFCqOgZIQkUkGSFjKUICLvOz/mCpxZgPrI+ZXmvalndWmR7jsv9rsvkvUFvjBnru6qn3fspZadbv3MFSqSSHPAIbLifAzjz1UpmpmwOc4tct7+dFGq7Pd7S/F1yaVAMD3SPGd4AB0mYz9FRaV5OpWhlekMPdvBa2dwPsk75GR6ldH7X70LW07M0+1L3+vgHrJ8guVOC9FoozlgXHyfJeRpLFDTtQh06+Z6I2evOlaabbTTOTmAa8/ZcNzmnJTYK4bsHto2wtdSq0zUpl2JuEjE10QcjkQYHRdh2dvdlsszLSwEB85HMggkEGN+S85qtFPTye3dvZnoMWpjmS8a3N1radVjZHZ5p9VpyFHsb44Wk1TNuMk40OntJMRko697LAkKQtFAPbgdm3eJI+SZW6A0UxkIjyRrxEW1yKzRvNjsYJHhyOuvAHQnkmVxU24/Ecynl4WRrTlCr1VjhUAacycs1UtmXt7FtvKmAFGuq4bPXJ0FGr/8Am5PK5cKQDjmqvtdeAo2J496r+W0dc3H/AIz6hW4oceWKXiVZZ8OJtnM5W6sAWCrvbDT090/T0WgJxZmgyw6OBHTgV63JBzg0eVvcxuppq2hrGjN7mtHmQvWNhs4p0mUxoxjW+gAXnrsx2cqi96dKswtNI944HQgCWkHe0mM16MK8+zfwQ4bfrYQoSFCgvMihBSKSBUqRa7RVwtLuAUEjW3uk5aZjgNc801ZTjLjHnmt9IS0E8TnwzP8AVK5vLXd9/wB/ZSQcV7TKx/H1GyIwMHHPDmJ81RcCuG2VQvtlYkf+6+DyBgfAKuvoL2WCFYYLyRwMmT3kviR5aup9iduqEWizx+W0sqA8HO8JHmGg+S5tUpLpXYa8FtrECQ+kZOoEO+3JaPaiXsGn5G5op+8tHUXBR9d4Y4vIyAUgXACTkFqtFKQvJTi0d/HNMjat/wBACT3g/wDjfB6GIURbr5oPBd3jGwwODXE4jM+GNzstOasZoCIjLgoy8LspvGY+A+ardtbm3i9mn1RQdobye4AUHOOJubnNw4SY9kb96ibtsdVj+9c5znHeTnl8lf6100mZ4RO6c1C2mzwVg3RbKUHtE20rUajQ3fouYbZ3m+ra30yC1tEmmG8wfEfM/CF0+z0j7okbyCJnlu+IORXL9s6EXjX1zLXZzPiY0mZznqup2Zj95b50cfXZbhS5EUxbWFawllel4aOIzvewt7Y7JQq5F4YWEkfpOExyyCvFmtbXjLXeFxvszrudZHtDj4KhgcAWgy3n7SvFjvFzCHbxw37j/bmvM6iPBlkvM6+LvQTLiUq1teCA4aESEKok3lIiUKSATa8aeKmQnC1WhxEcJzQkjblq4qZadWuI9cx807LgWzu37usz0/YTSG0KjnmcDoxECcJG8xoIPwTq0UyWnCdQRuIILfiskQzg15nFUe7i5x9SVHvpq22zY61tJNN1KsyTBDsJ13tOU+airVdFpp+3Z6oHENxj1ZK9Zj1eFqlJfb7nDyafJdtMr1cZLovYbZ29zaXhoxGsGzyaxpA03FxPmqDeAgRp1yPougdjTS2y1f4rQfOGUvutXtSV4dvEu0CrI0zpFXPMZncdw6fYa6EpmcWrTnvPuxwA06cNCU/cZGecj2Rw5n7wE1r0s88+DRn6zkfOB5rzjVnXToaOvIN/1W4W7niS05xpqNw/pmt1SmCMQII3EGQm9rMAucRIEmT4WCNS48p8RzcJGW7XdmAUWvpZtcMUREh2YMHIHUAaATOgip4r5F8czRrq0cUyq9aWeLUcjqJ5nTykKUtlpcSWAAiMwZBG8DPMCc8wevDVZrKAZBMx7Lpk/wApzPASC4Z6ZKFhV2yXqJVSNNOzBoLn+ExJeNAInxSNMp8QcIGua4nedu/E2iradz3+H+QDCzLdkAul9pV6dzZTQZLXVQcUaBg1w7hiIjw7m6ZrlgbhaByXb7Lx3Jz8DmaudJREIWKyLlhiXZZpI6F2ZBwp1HDe/TjDdx4j6jTVXcUjVeKbZl3DKYGU8DkJ6eQofZ8D3M+LMk5AmIOWm/h/LvGS6Bs08m1Mc46tMRo7I5xu3ZbvNeV1bvNJ+Z18O0Ei6WGgadJjCZLRBPNC3FCpMjaEICEIBDxkhBUgYP3QRnqMs8tI3rTScRlm2Iy3ZiIg6eRTp9KNY1Mcuiir1cQfCTJECDlOoy3/AGWRBCXhdllq1IZVqWauSfFTLqeIjUub7LjlrqeKjbRRviznwupWto4gMqfMT/yK3W99Wufw9MlwEh9Ql2Ccpz67pW2vaq9kIpOeKwwh3iGF2c5TnmI9CtnFOb7uz8pb/Tw+qKpxjz3XwK/bdqLQA4VbA8EcnQehLCPirJ2a0sVm70gDFXrPI3AkNbHlgUVb9omVB3NOjWNSp4Q0BpzPOdOcK5bNXZ+GstOlJJ9p38zpJHkTHks8y4YU4cLfx/LZjC3K+K18iQa/dOUTlr8B0WJfl+kcN59N/STlqst4/wBw+I+y1EHIiJIzJzyiTz1gxkFpGwR98WfvcFD2WPeBUO8tzcROmZAnWZ6rZfdaz2cUqMhpdLWN38Scsx9cgozaS0VD3dnpAy8S9wGjcshzJCr+0tOpZnMr1iXPc3CzFmWkyNTvj5BV5e7TXPwMob/AnW0pgkY+BGoMxlHmJaQfa8K3MaHR7zZ1ykHjlliznLC4YhqoLZq/G12ua84arPbMQHicLXH3STpnBknPNWBgOZIGKWgkSJlw8+ORJ3Zqx7OiOllF7QrnNatQpYoNSu2mXZEhoY9/nuGqgLTsBWxGK7IBj2HK99oF0i0Po0y/BLnva6JzFMxlPBqo42Hr/wDWu8mu/wDNb2nzezhtk4fKrNecOKW8b+Y3d2fV/wDqGf8AB33Wh2wTwYNqpyTAGEyTwAxKROwjB/q2uoeQgfOVadmNi7JZ399hc5wBILnYjzyyAKmesn0yN/6olYl/j+pnctyCzWZrHH2YnmZOTeG/zzUlcFIi003RAxEAbgIyATvuDUqNnRsecCfnPqnFkZ/maTQMgT8APsufJ3uy9bFpcUIKFiSOUISrIxBCEIDFzQdVFXrZGkZkzDmtjWXKWWi00pj9wUQIinZGUxhyEbt2Ua8TzVI2ru51eu/E8gsg04MSQJG9Xy1WCnV8ThO7hxyIUNeFzMAIaOeU5gbjvMcOizTIHOylGyup9/RpNbUPhq73Bw1EnTjluKnnfvyKoFhvA2OrjDZpkAVWtG4ey9o3kZ9fRXqy2llVjajHBzHAFrgciCNR6o5OTtsJJchTr5/Qlao0/lI9IC3uYP3yTao/xZaAn5T9liSM7ZfVnszRkHVSB4RE8pO4KsXoK95vY3uwGsMgDQTvc5SNLZ1rXOtFreGNLiYnPXIE/QLO2bV06bO6sdMcA4iB5N1J6pFJPuK349EHf9xBXFc3cW20MaZ7sMbPNwk//ZWgtA0EDE0AdGhyrGzVR9IWurWnH34xTrOFj8/Iq2fhmVqRDphw3OLXSeBGYI08ihJSe1q3WigbJaKUYWuqB0iQS9uFk+Qd6qlO2ktz2lxeGN/gYJz0EmVetp7C91EWN7+/ZSwHGWkP8JloqvPgB4kZngFAWO5+8Baxvgbp/ERw5q+GWMY1wpvxK3Bt3Y82VAxg1iSXAPY9xJkEaE/ZXSnSJOFp8JnTTPMJndd3Uu6FNzRDc2zu5Tx/ondN1Ol7LyBw1k7zCpbszWw9s9HCJ808umy+M1TzDfXM/BQ4tT6tRtJjYBPtTmBA08pVsp0w1oaNAAB5LBskVIsgEKAOEIQsiAQhCAEIQgG9rblKj3w4fLqNQpZ7ZBCha5wyJj5SpTFEFeljBlw6jmPuPsmWzVsfZXPoRipuLqjQNWuJHeBu7CZxdSVPV354YjUg9dYVbvOm+m7vKZzEjPMRwI3hUyypcjYhgbW5dqVRtQYg4EH66ghabyrYKbnDVoBH78ly+y9oVOz1Cys17Xj2g0YmngRvHxU/d22tO2vmxnG+nmab/AXDiASJA0J5hWcW1lXDvQ9pXPabUe/tb+7Z/FlA4Nacm9SnDr2sdm/LslLvqugdEieup6BM7VZqlT8232ltNg9wOB8g0ZT6pbJetPNl30Q0AeO01NGjjn++ScSl5ry2iv3Ipr1uQja1oDbYK4/MdaGEjT22ADpkAFc7tcW0wwmCBE8MpJXJb72uex1WlQ/ML6hL69Qe1ByLW/dXPs4va0W51atXFPAzCxoa2JfEuMkmQBHqjdCh9a9nKtd8ioXNnVxOWunNTt62Wm1tNjAGxOEDLSJPVTNJig76cTVa4CQxwB5AiHH4j0ULdhmujDmwIkajnu89611aFMjNsnUcZ0z4ptXfaKT57oPHFpgnqOKLN3tV+ItLJgNZMnqY0CyIJrZyx4QahGZ8I6DWOv0U0AsaNINaGjQCFtAWIYgCFkAlUkGaEIUgRCVIgBCEkoDVaauETv3KHtLfedmf36J9e1SGzwBKodsvarUouLhDXYmtA1MGC4/wrVzZVE39Lp3kVohttNq3U3hlEFxBzIBI9VWWbb1XHA/IcwVutggkEZ8VGWqg06tEfvRUqSfM3p4Glsxtta1tVja7ciDhPMHT4/NR2ylje+2UWU3OBc6DGXgiXfAKTtLMdnqtMkgAt8iCrx2T7LCmPxL83uED+EbwFt45d05WeFTJS89nXWel3lCzm1EaipUMjmGADF0lUC/9t6xaaIDAQY7trS2izjLJl7+pgc16Aw5QuP8AbFcNN1ooVaYAq1sTXDQOw4cLidARMenBZJeJU2zmVa8HvzMSdY3n6L0T2fXU2zWGjSGpbjeeLn+I/OPJedKNmLX+P3TpxI3L0B2YXg6tYaZcZLC5hO84TlPlCT6CJa7ytvdM8MF59kfU8k3p0wW55zqmt5XXUGKqHYs5j3o4SmYtr6YGFpcHRDT7We7Leq1k4Zbov9ipQuL3HjaFZlTwuD6Z90jxg7sLt45FS9gsDafi9468uQWF2MeRjqMwHc2ZI5nmpABXXZrcgCyAQAslJAQkWSEAISIQCpEIQCJClSICK2is2Og8fwlVq6LoolhDmlrGgARx671eHtBEESOCgb0DrPU71gmm7228+IWtlxJyUmdHR5nwvHHn0/YoW1dxih4mkFjtD9CqHa6hBjcui7U12OcRTcHMdnG4HkqFeNAT4fiqFFcVHYnbxJy5/QcbP0HVe8pATiDRznEB9Su13NYW0aTWARACq/ZtssaVL8RVEPfm0HUN3E9VfWsW1CNI8/qMilLY1KjdpVmcBQtDY/Le4ZiR4gI+IXQIUdfF2sr0n0XiWvEf1HNWFB5rrWeXucfaLifiu09ktgdTsZLhGKo4x6KHs/ZU41BirDu28PaIXTrBY2UabaTBDWiBx8zxR7hbDgLVTsVMPxhon5dBuW4BZhKFsQBZAJQEsLIxAJUIUkAhCEAiEIUAEiVCEiJEqEAiwq0w4EESCtkIhAtim31sWKkmmQJ3HRRd19nTm1O8rOaQ2S1omCd2I7hK6LCIVfs4o2ZavLKPC2ag1LCzhIszXMYRCyhEIDHClASwlAQAAsgEoCUKSASoQpIBCEIBEIQgEQhCgAhCEJBCEIAQhCAEiUpEAiRZJEAiWEJUAQlAQEqAEqEKSAQhCAEIQgApEIQCIQhACEIUEghCEAIQhABSIQgApEIQCoQhAZBKEiEIFQhCkAhCEAIQhAIhCEB//9k=', 'Juanito', 'Perez', '2100-07-07', '11258365', 'R.C.', 'f', '222', '21232f297a57a5a743894a0e4a801fc3', '01', '222', 'A+', '01', '222', '1', 'edilsonlaverde_182@hotmail.com');
INSERT INTO `alumnos` (`id`, `foto`, `nombre`, `apellidos`, `fecha_nacimiento`, `identificacion`, `tipo_identificacion`, `sexo`, `direccion`, `password`, `tipo`, `telefono`, `tipo_sangre`, `sede`, `eps`, `prepagada`, `email`) VALUES
(14, 'data:image/jpeg;base64,/9j/4AAQSkZJRgABAQEBLAEsAAD/7R4aUGhvdG9zaG9wIDMuMAA4QklNBAQAAAAAAEEcAVoAAxslRxwBWgADGyVHHAIAAAIABBwCNwAIMjAxNjA3MDgcAjwACzEwMzE1MiswMDAwHAI+AAgyMDE2MDcwOAA4QklNBCUAAAAAABA3O63Q+h3WYhe3TLWfcxTgOEJJTQQ6AAAAAADlAAAAEAAAAAEAAAAAAAtwcmludE91dHB1dAAAAAUAAAAAUHN0U2Jvb2wBAAAAAEludGVlbnVtAAAAAEludGUAAAAAQ2xybQAAAA9wcmludFNpeHRlZW5CaXRib29sAAAAAAtwcmludGVyTmFtZVRFWFQAAAABAAAAAAAPcHJpbnRQcm9vZlNldHVwT2JqYwAAAAwAUAByAG8AbwBmACAAUwBlAHQAdQBwAAAAAAAKcHJvb2ZTZXR1cAAAAAEAAAAAQmx0bmVudW0AAAAMYnVpbHRpblByb29mAAAACXByb29mQ01ZSwA4QklNBDsAAAAAAi0AAAAQAAAAAQAAAAAAEnByaW50T3V0cHV0T3B0aW9ucwAAABcAAAAAQ3B0bmJvb2wAAAAAAENsYnJib29sAAAAAABSZ3NNYm9vbAAAAAAAQ3JuQ2Jvb2wAAAAAAENudENib29sAAAAAABMYmxzYm9vbAAAAAAATmd0dmJvb2wAAAAAAEVtbERib29sAAAAAABJbnRyYm9vbAAAAAAAQmNrZ09iamMAAAABAAAAAAAAUkdCQwAAAAMAAAAAUmQgIGRvdWJAb+AAAAAAAAAAAABHcm4gZG91YkBv4AAAAAAAAAAAAEJsICBkb3ViQG/gAAAAAAAAAAAAQnJkVFVudEYjUmx0AAAAAAAAAAAAAAAAQmxkIFVudEYjUmx0AAAAAAAAAAAAAAAAUnNsdFVudEYjUHhsQHLAAAAAAAAAAAAKdmVjdG9yRGF0YWJvb2wBAAAAAFBnUHNlbnVtAAAAAFBnUHMAAAAAUGdQQwAAAABMZWZ0VW50RiNSbHQAAAAAAAAAAAAAAABUb3AgVW50RiNSbHQAAAAAAAAAAAAAAABTY2wgVW50RiNQcmNAWQAAAAAAAAAAABBjcm9wV2hlblByaW50aW5nYm9vbAAAAAAOY3JvcFJlY3RCb3R0b21sb25nAAAAAAAAAAxjcm9wUmVjdExlZnRsb25nAAAAAAAAAA1jcm9wUmVjdFJpZ2h0bG9uZwAAAAAAAAALY3JvcFJlY3RUb3Bsb25nAAAAAAA4QklNA+0AAAAAABABLAAAAAEAAQEsAAAAAQABOEJJTQQmAAAAAAAOAAAAAAAAAAAAAD+AAAA4QklNBA0AAAAAAAQAAAAeOEJJTQQZAAAAAAAEAAAAHjhCSU0D8wAAAAAACQAAAAAAAAAAAQA4QklNJxAAAAAAAAoAAQAAAAAAAAABOEJJTQP1AAAAAABIAC9mZgABAGxmZgAGAAAAAAABAC9mZgABAKGZmgAGAAAAAAABADIAAAABAFoAAAAGAAAAAAABADUAAAABAC0AAAAGAAAAAAABOEJJTQP4AAAAAABwAAD/////////////////////////////A+gAAAAA/////////////////////////////wPoAAAAAP////////////////////////////8D6AAAAAD/////////////////////////////A+gAADhCSU0ECAAAAAAAEAAAAAEAAAJAAAACQAAAAAA4QklNBB4AAAAAAAQAAAAAOEJJTQQaAAAAAAOPAAAABgAAAAAAAAAAAAAFMAAACToAAAAtAHQAdwBlAG4AdAB5ADIAMABfADIANQAyAGIAOABlAGIAOAAtADYAZgA5ADcALQA0ADIAYgBmAC0AOQA0ADAAMAAtAGQAMQA2ADIAOQBhADIAMAAyADkAMwA2AAAAAQAAAAAAAAAAAAAAAAAAAAAAAAABAAAAAAAAAAAAAAk6AAAFMAAAAAAAAAAAAAAAAAAAAAABAAAAAAAAAAAAAAAAAAAAAAAAABAAAAABAAAAAAAAbnVsbAAAAAIAAAAGYm91bmRzT2JqYwAAAAEAAAAAAABSY3QxAAAABAAAAABUb3AgbG9uZwAAAAAAAAAATGVmdGxvbmcAAAAAAAAAAEJ0b21sb25nAAAFMAAAAABSZ2h0bG9uZwAACToAAAAGc2xpY2VzVmxMcwAAAAFPYmpjAAAAAQAAAAAABXNsaWNlAAAAEgAAAAdzbGljZUlEbG9uZwAAAAAAAAAHZ3JvdXBJRGxvbmcAAAAAAAAABm9yaWdpbmVudW0AAAAMRVNsaWNlT3JpZ2luAAAADWF1dG9HZW5lcmF0ZWQAAAAAVHlwZWVudW0AAAAKRVNsaWNlVHlwZQAAAABJbWcgAAAABmJvdW5kc09iamMAAAABAAAAAAAAUmN0MQAAAAQAAAAAVG9wIGxvbmcAAAAAAAAAAExlZnRsb25nAAAAAAAAAABCdG9tbG9uZwAABTAAAAAAUmdodGxvbmcAAAk6AAAAA3VybFRFWFQAAAABAAAAAAAAbnVsbFRFWFQAAAABAAAAAAAATXNnZVRFWFQAAAABAAAAAAAGYWx0VGFnVEVYVAAAAAEAAAAAAA5jZWxsVGV4dElzSFRNTGJvb2wBAAAACGNlbGxUZXh0VEVYVAAAAAEAAAAAAAlob3J6QWxpZ25lbnVtAAAAD0VTbGljZUhvcnpBbGlnbgAAAAdkZWZhdWx0AAAACXZlcnRBbGlnbmVudW0AAAAPRVNsaWNlVmVydEFsaWduAAAAB2RlZmF1bHQAAAALYmdDb2xvclR5cGVlbnVtAAAAEUVTbGljZUJHQ29sb3JUeXBlAAAAAE5vbmUAAAAJdG9wT3V0c2V0bG9uZwAAAAAAAAAKbGVmdE91dHNldGxvbmcAAAAAAAAADGJvdHRvbU91dHNldGxvbmcAAAAAAAAAC3JpZ2h0T3V0c2V0bG9uZwAAAAAAOEJJTQQoAAAAAAAMAAAAAj/wAAAAAAAAOEJJTQQUAAAAAAAEAAAAAThCSU0EDAAAAAAUpwAAAAEAAACgAAAAWgAAAeAAAKjAAAAUiwAYAAH/2P/tAAxBZG9iZV9DTQAB/+4ADkFkb2JlAGSAAAAAAf/bAIQADAgICAkIDAkJDBELCgsRFQ8MDA8VGBMTFRMTGBEMDAwMDAwRDAwMDAwMDAwMDAwMDAwMDAwMDAwMDAwMDAwMDAENCwsNDg0QDg4QFA4ODhQUDg4ODhQRDAwMDAwREQwMDAwMDBEMDAwMDAwMDAwMDAwMDAwMDAwMDAwMDAwMDAwM/8AAEQgAWgCgAwEiAAIRAQMRAf/dAAQACv/EAT8AAAEFAQEBAQEBAAAAAAAAAAMAAQIEBQYHCAkKCwEAAQUBAQEBAQEAAAAAAAAAAQACAwQFBgcICQoLEAABBAEDAgQCBQcGCAUDDDMBAAIRAwQhEjEFQVFhEyJxgTIGFJGhsUIjJBVSwWIzNHKC0UMHJZJT8OHxY3M1FqKygyZEk1RkRcKjdDYX0lXiZfKzhMPTdePzRieUpIW0lcTU5PSltcXV5fVWZnaGlqa2xtbm9jdHV2d3h5ent8fX5/cRAAICAQIEBAMEBQYHBwYFNQEAAhEDITESBEFRYXEiEwUygZEUobFCI8FS0fAzJGLhcoKSQ1MVY3M08SUGFqKygwcmNcLSRJNUoxdkRVU2dGXi8rOEw9N14/NGlKSFtJXE1OT0pbXF1eX1VmZ2hpamtsbW5vYnN0dXZ3eHl6e3x//aAAwDAQACEQMRAD8A5rNxbje59jQHWHeY41Vrp2PturkLQy7GX2VVAQamAO+JCnj1sqd6z/oVgk/FVCerKRqQHPz+q5OLnenivNYb9Mjuuy+r2ZZnYIts5mJ+C4OuuvLz3226VlxJ+C9D6Pd0+roxNNjWMpaZkxwnRhKRujW9pkYAcNji7IMvrPTqswYBsByHD6IUMItr6m15OgaT8lxuHfXkdYOTa4OfdZuHwn2/9FeiX4+Bg9L/AGnZHsZqfjolH5uHYgcRtbKFAHuaaT/rn0gHJgn9VJa6QdSOdv7yH0P64YPXd9LGOquAn03ckeI2rheo52I+3Idt2svcXuA7ShfVC62v6xYjcMFzrH7AOZaRruT+AGMjR2sKlEAxF76HwfU+g0v+05A2kEEAzor+ZlMw4bYALXgiprztaXfy7PzK2/4R/wC4gdWpza30WYDttxP6WO7QP/JLE/xgdRFXSsOt0/bchzwCOWta39LtH8p762IcEgBYr8lAR72L+ri9e61flOcBa77NWYsyiPTdZ+83FH/aLF/0dVbvtFlf6XMusesmrKvgO1xsZo3Moq9jn9m2O3+9tX/CW/zifHdVbjssyS691OrW2Ekbv3ts7P8AO9RV7nXZDnbi1p0LGOIG4/utc/6Vn7m//rKFLnqOlss6hTVdONQ2Q11z2i20AEMbTXu2vsfbX6nqXvd+jWjX02/ByGsYGZVD5IeyQ0AHbtfLnOos/wCJ3rhKM99TWj3VWUudtaNN27t/Z935qvYP1ivZfX6/6allL2+mf33PbY3+17Womq1H1ULvd9GosFmNvrd6jG/yg4jy3N3I1d1V+MXVmQCWkdwR9Jrgubw+pPym15dVbKMhznBvpH0jYCdKXt+i63Y39F/OV2fzdv8Ag7FrdPy6X3j1mhhyTAc3Rj3jTY5h/o+R/wAG5CJ3HQ6Wqcb16htRq34rl/8AGQ8NwcXwNv8A3162+vdQq6fhZVlbZvqbNTDpLudsrj39Xq+tWKMPLYWWMO9jgeCNNCngCMTrfXRiMCfB5Y317NwGo7qtkP3NBPfhdvjf4ssjJw3ZLMkMnWulw5H8qyfbu/qrEb9XGjqFGNlktrFm2xvBgfSr/tJ0SN9dNSxiJsf1tn//0Mzqd/UHZWLmGgMqfFbg395Wc1ln2W0NadGy4eA81zvVPrLfmOqbTNVOOdzR3J8V6N9WbundYxbX0gPDagy0/wAqOFHWsCRXh5L5AVKj/Ivn+PYGMI8OVQy826xzqw9wr4LASAf6wVvKaMe66scBzmj5EtWUdXfFXRpsw4RuSmouNT22N5bwu6zM7I6l9UaaqT7nFosnyJ3LgANCuk+rmRZfgvw2uO5rpA+OqizRuEpAeqIsH9jZgLIiToShxeiu9YUul4f9J/grnT+lZXR80dTqH6Jji0O8ne2V0+BgiuptbWy7ue6b6zOFHTaOn1t/S2PBd5NHveVFjBsXqx5DGzwiglxOu3XZbqxb+kAkz4HRYv13uN2V091muQK7m7iQG7JZwPo7/eqWLd6XVN7jAeA2VZ+uFZbg4+SQHvFuxjj2Dmvc5v8AacxidzGS5cFdFYsfp476vN1ZbMax7rASOGtB8NG/S3K4OndRzqjkVUuc0zJPh4MS6R09nVOosLwfbDrAOCG/nOn6K7j0m11hrWhjAIA7KrKWtDozxjpZfPT07KYdvouB44hWMfpeUSCGwPziY1+S665jSTMEKs1gBMfJMlIsgxxcfLpspbS9j31+hGzaSQI1G3+0us6Z1jHzfSflUsbk2ANN1YMuI022bPpbdvtc9ZGXjPuw7WMEucNJQ/qVRZkZzGEwyrufHh3H9ZCJtEw9T13HxMvEudc4etYNjG+Jj2ub/nLPwvqXiYPR2Z+K57sutu64Ey1w/Phn5i085tNNj8e6HOph1T/IhG+reZfkG6h0GrgD4q16LrrLT7GD1VYOkdftWGXZR06u9jicZgBcRqQPkFidWwqTl0dQDdrcppdS7sXABys5vVcvA6m7pOFW17Q4l7XEgNafc3b/AFpVrqtNufjYdrnBgw3EvpHcuAZu/sKfDEnLGRGndr83L+jzET6gLf/R8/xaq7La22fRLgHfBep/UduNh0ZWPSAxhhw+YXlVJ2mfDVeodJ6VfRRXdS4n1GAnz0TMlgxI1T0LxvVmVsy8isnc5tj9fiVjWAmzQT5Ba3WT6XUsllmjg8yFTx2gbnnUzp8FZG1rRMfugV+7ohY2HgO4OhXY/Vrp+JjYjs0GHSQ+fJcs9jLQSw6groOn4Wa3oeVfaHMpcJrPZwA5hPJBgRsdF3GCDW4ex6Tn4rclji8PaeQNVlfXnqWKzrNYY1xLqIHgTv8AzVjfVZhsyva2SzVC+sF9+d9YWBwLTTtYPv3OP4pkojHHiBssMJGcuGqC9baLLqm2kscXN+S2Os4js7Hr6dS5pAc17nvOjWBtnP8Am+5yxs0RnhoEkBv5Vs00WWmyrdtN9YDu8bZd/wBJrlFzMTLFxAeuOor/AJzY5aQjljGXySsG/L0/85H9UsCvG6fZmEl11znN8mtaYgf1kDr/AF7Kx2F1Qu2McGF7Wsa2XSWQLQ7fu2rew6a8SaWO3AHcQQAfcPzg32+7ahdSD7HRuIb24MKmD1LbMeg+jmdOfk5LHi5zi9vIcGgg+G6v2OVDq2RkUsd6Qse5oktrO0R/WaHOd/Vauk6fi01Y5FZJiS9x1Mws3KxmOhzpDphrh4hA0CCrU6NHoVuU4MfZjvALQ4uD3vAJ4qtL/wDCfyV0vTcKjD6pmVVu/ROa291fBb6ja3bmu/rvuVPpD3U3xO7cI9xW3i29Kxs7MzLTvt9P0bGgkthsM2uY8Dbb+j/M9iMRxSFaWfwCD6BIy1qOn96XpCHq3Ta23NJeXFzJ1PgfpIv1dvxcdzhjPD3uMPE8Qs3qVz7qLszCsixlDhseZAAl7Fx/1P6tlU5djWg2vv8Ac4z3P534q1DGLjKtSGpPJKpQ4tInV7frWEaurvz53HIgQO0ANT5OZiVZn2Wzd9qvpD62iYIadu7T2+1XKcbJfaH5Tw9gbIaO0rOy8T1PrjiOc6GDEftHmHif+qU4mYRFbjVgMBOxLUHQv//S4i79ljb6W4/vt1XtP1forPRcJzDuaaWEE8xtC8q+tX1fq6VT0zMoBDM2gG1p7WBrX/8AS3L0/wCpVxf9VunvsBB9Ec+A+j/0UOEADUn+8V8pX0A/uh87+v1FdX1ltgaFtbnD7/7lmVVtvs21+1rhp8ld+uuWc76w5bm/RrisfBo1/wCk5VekN3lnm0j8FPDoPBgl1Pijxcdzr20d3P2/ivUsCpubhM6X6O2llQ3PPB/k/wBpeedDo39VaHH6Bc75hb1/WetdO6ltoc0VbZbW9sbm/ROx8pZR6AfFGM+o+TW+rVFmF1rKxHfSpcaz8j7f+itZnQ23dfsdcIb6QewzySdp/wA1Z1Ln09ZZnvILc8TPbeAHR/bYumzKr8kDqeMYFdbm7Z1dw4I5ZE44kd9U4gBkkDoa0eTPTr9hznEbLLdjfGA4sa7/AKC3Oj1/zl1knaI3KpkWY37IwqGtsbeXhzmwdPpPfv8AvW1jUg9Ke5jYBBmE0yJjfY9F3CDMC6sdXEwrnN6hbJPp5A21k8b2kvaz/tveiZ2SWau0HE+Ck+mw14eLUGljrmufY4gRsP2h7W/nPs2t/MUsustu2nVhMg+HkVT5iAgQAQT1bvL5ZTBlIH+qT2+XT+6xa5xxm+leWsBFns2ua/8Aku+l7HfyFRteamPN13tkGDAaCBDY/O3ao+VhUemTXS3dz7PYZPJ/R7VUpxKGHe6qHN1aXEvI/tPLlAa7s2lXf4NzplodkVPn2SCTxoPpIluNUzBz+pxtutdZcBPJJdbtKi3DsoosdZLXTt2HkTDix37rtrvoLSuwHZnQ2VNB/TOLTt7A7myrXLgxiSTQlv8A3WpzEhKYHWP/AEnH+q2Zf1Xp/UG2Vyy4bK45O5nuH/kVn/UnAdjfWHLwrmzZSDWQRro6d39pq7DpXQx0LDrpwKza/QuDz37uLlm2nOx/r/g23VNYc6lzHbdZDPdLv5TFMZ2RrsGCtTpu9Jd6jA5rGE+zaD5qucS17aLHA+tU8OJ50/Oat07QeEzto7JhJPVcKGwf/9MX+NAGvD6TjAQAHH/NYB/35dp0Ws431cxWgSa8dmn9kLi/8Y735nSun5Ue1jvpD+W2F03RurZmT0bGdSxpa6oCSfKEj8o+qXzDIvN2XkXuIZ6r3udPmSrOPj34bqmvrdWXM3M3CCWkfSW9X9Uftzsgsta271i8giR9LftWn1Lp+Zm9WxftJra3GrdoB9ImOZ+CcMgEr6LTAkV1eV6VZ6eTZcBqAfxK0c7Mr6/l4t1GQKcbEa71rnVu26lrXOdt/Seizb/SPS+z1/4Wxis9PprxsXruTcys0Ugtcw6zA2Bo/wCNfaquH03L6b9izLqiyXsDmEAM9N5OO+qP5O707VISZxIA0jqSx1wSsmjLQB2bPq1c6iquvIDW0PD2FwLog9vcF0XTa/seKcbIbZcRJ9jRBH8n9I7cuR6T1oDFFDnAux91fuOuxh20ud/Wo9JaGP1yS9mKw2vjcSBowfnWFjXe3/jLU4Rice9Dej3/ALyrl7m1nYVv9j0j7cFwNYxn8eDY/wCqVFmU3AqGAKn5AfufZY6GNqql0O9pu9WxzvZVV/57VZvVK/QbkC5xe4e4uOoI9rm6bfoLFyOsnL6g6p1012ND21cN9vtyPo/Td7mXe/6ar5ZiEJcA/Fs8tiGXLCMzW+w/5raZm4+Pn47gNuO8voDnHcR6oa/fu/4R9HvVjMLXSudrtbl41tBPuY7dW7x2n2laODkOvr2OcDY0cTrCo8RldmyTbo5sQgQYioUBpsOFhdkXt9jTIPjyp4xhzCdTMp7MdxdornTMOr12nLltfHzQoksZIpu9ZxamvxM5j9rOpWV4WY3keo5u3Bze3vrcz7Jf/pabP+BWh0fqGLj4La3O9QBzhuiIIJa+t7T7mWVvGx7VT+ttmG3pOLXQ73jLx3ME92vBlUcyu1vX3DGgY/UnOZkAmGsyGCacr/0IpZ6N21v85TXYrMJ0eA9WvkxGWP3B+jof7v8A6C9lTfTaz1anAt7nw+K5XqWU3K+u/TRUNzMOu0WO7B1kbW/9BVP2vidJstxjkHKy3AtNdcFjC39I6uz/AAbtzBuZ7/WWn0Wno+feb6q9mQyHAgkh2m7cyf8AqU6UqkB3WQx8UJT34fmA/R/rf3Xo3OJQyX9yplvmoOb5p7E//9TKyMDqub0yrp91ktx3DafFo+jP9VW+lYnX8GtuMzJH2YH6Magd9rlqVd+OVYr+l2TTxUeydGFGPbU8ureQSZJ7yUR2NkWOc9zyXuEbvBHHyRmJqXl+p9KswMNlbLXPdm5NVZbzJ3eo0x+d79q3Oqtx6Ok3iyz1X7q2tcRJL3Oa5rxDdtW60b/7fpqv17+f6Tz/AEo/R54b9H/hP3FHrf8AQLfpfzmP/wBWz/of9/U0L4OtWbrv6eFbn4vcHH89CuL9z1PD34tmTnGrHsPrXXuqrYNA0b3QXuj6G39IuqpfjdK6ecDDMsdrdcfp3WRtNtn/AKKq/wAFWsLo/wDy2eP8Pzz9F/0P5f8A6L9RaOb9E8qrzHHw/wBTr5uhyHtcRv8AnP0b/d/q/wBZC/p3WcrG+24bPVpsLg5jXQ8OYTXZ7H7fpbd3tcqNdWbRkVm2qymz3tHqMc2HbXPZ9Ibf5ytitdL/AOUj/TuT/Qvo9v51df1D/kq/+d+h/hOOR9JPN+2b/d/Y14/7pHD/AJ3Ty43jhaK8lttelV7W2N143AP/AOii3lrx6oO1w7gwZ8QQqn/aPD/4sfHlWR9F39Xvx/aVN2BsWzhdfvxjuyHNupBja4gWafuP/O/64upptozKK7qnTXY0PY6IkHyXFYX84/8AmPn9LlvC6nC/o7ePzv5n+b+k7+bUsarc35NHPXFoI+cTr/hR+VDnUsyMgMstDRW1xpaT9J40P/bbXKHVqW5ePbW5+1l3sNomWOMOpv0/0Vzff/wXqIGX/P0/R/nm/wA59Pg/zX/o7+X6Ssv/AKPbx9D87hMN8Xp8K82xi4fZPFVVLj/l/cecdk+tYX3UEZVTyy1rjtYyxmj9jaTvs/S+pt32Mr/4N60fqX1V+NmVMJ0B/jVSG/iqOX/yhmf1qvj/ADTP5z/h/wDSoPQP+UKef6RTx/x5/wCh+8rGXaP719GjydcWSvkrW/3f6z7HvBAc3VrgCD5HUKDnqr03/kvE+n/ND6fPf/Vn8hFPz+alahqzW3S3/9kAOEJJTQQhAAAAAABdAAAAAQEAAAAPAEEAZABvAGIAZQAgAFAAaABvAHQAbwBzAGgAbwBwAAAAFwBBAGQAbwBiAGUAIABQAGgAbwB0AG8AcwBoAG8AcAAgAEMAQwAgADIAMAAxADUAAAABADhCSU0EBgAAAAAABwAEAAAAAQEA/+EWeUV4aWYAAElJKgAIAAAADAAAAQMAAQAAADoJAAABAQMAAQAAACIGAAACAQMAAwAAAJ4AAAAGAQMAAQAAAAIAAAASAQMAAQAAAAEAAAAVAQMAAQAAAAMAAAAaAQUAAQAAAKQAAAAbAQUAAQAAAKwAAAAoAQMAAQAAAAIAAAAxAQIAJAAAALQAAAAyAQIAFAAAANgAAABphwQAAQAAAOwAAACIAQAACAAIAAgALAEAAAEAAAAsAQAAAQAAAEFkb2JlIFBob3Rvc2hvcCBDQyAyMDE1IChNYWNpbnRvc2gpADIwMTY6MDg6MTYgMTg6MDA6MzQACQAAkAcABAAAADAyMzADkAIAFAAAAF4BAAAEkAIAFAAAAHIBAACRkgIAAwAAADUwAACSkgIAAwAAADUwAAAAoAcABAAAADAxMDABoAMAAQAAAAEAAAACoAQAAQAAADoJAAADoAQAAQAAADAFAAAAAAAAMjAxNjowNzowOCAxMDozMTo1MgAyMDE2OjA3OjA4IDEwOjMxOjUyAAAABgADAQMAAQAAAAYAAAAaAQUAAQAAANYBAAAbAQUAAQAAAN4BAAAoAQMAAQAAAAIAAAABAgQAAQAAAOYBAAACAgQAAQAAAIsUAAAAAAAALAEAAAEAAAAsAQAAAQAAAP/Y/+0ADEFkb2JlX0NNAAH/7gAOQWRvYmUAZIAAAAAB/9sAhAAMCAgICQgMCQkMEQsKCxEVDwwMDxUYExMVExMYEQwMDAwMDBEMDAwMDAwMDAwMDAwMDAwMDAwMDAwMDAwMDAwMAQ0LCw0ODRAODhAUDg4OFBQODg4OFBEMDAwMDBERDAwMDAwMEQwMDAwMDAwMDAwMDAwMDAwMDAwMDAwMDAwMDAz/wAARCABaAKADASIAAhEBAxEB/90ABAAK/8QBPwAAAQUBAQEBAQEAAAAAAAAAAwABAgQFBgcICQoLAQABBQEBAQEBAQAAAAAAAAABAAIDBAUGBwgJCgsQAAEEAQMCBAIFBwYIBQMMMwEAAhEDBCESMQVBUWETInGBMgYUkaGxQiMkFVLBYjM0coLRQwclklPw4fFjczUWorKDJkSTVGRFwqN0NhfSVeJl8rOEw9N14/NGJ5SkhbSVxNTk9KW1xdXl9VZmdoaWprbG1ub2N0dXZ3eHl6e3x9fn9xEAAgIBAgQEAwQFBgcHBgU1AQACEQMhMRIEQVFhcSITBTKBkRShsUIjwVLR8DMkYuFygpJDUxVjczTxJQYWorKDByY1wtJEk1SjF2RFVTZ0ZeLys4TD03Xj80aUpIW0lcTU5PSltcXV5fVWZnaGlqa2xtbm9ic3R1dnd4eXp7fH/9oADAMBAAIRAxEAPwDms3FuN7n2NAdYd5jjVWunY+26uQtDLsZfZVUBBqYA74kKePWyp3rP+hWCT8VUJ6spGpAc/P6rk4ud6eK81hv0yO67L6vZlmdgi2zmYn4Lg6668vPfbbpWXEn4L0Po93T6ujE02NYylpmTHCdGEpG6Nb2mRgBw2OLsgy+s9OqzBgGwHIcPohQwi2vqbXk6BpPyXG4d9eR1g5Nrg591m4fCfb/0V6Jfj4GD0v8Aadkexmp+OiUfm4diBxG1soUAe5ppP+ufSAcmCf1UlrpB1I52/vIfQ/rhg9d30sY6q4CfTdyR4jauF6jnYj7ch23ay9xe4DtKF9ULra/rFiNwwXOsfsA5lpGu5P4AYyNHawqUQDEXvofB9T6DS/7TkDaQQQDOiv5mUzDhtgAteCKmvO1pd/Ls/Mrb/hH/ALiB1anNrfRZgO23E/pY7tA/8ksT/GB1EVdKw63T9tyHPAI5a1rf0u0fynvrYhwSAFivyUBHvYv6uL17rV+U5wFrvs1ZizKI9N1n7zcUf9osX/R1Vu+0WV/pcy6x6yasq+A7XGxmjcyir2Of2bY7f721f8Jb/OJ8d1VuOyzJLr3U6tbYSRu/e2zs/wA71FXuddkOduLWnQsY4gbj+61z/pWfub/+soUueo6WyzqFNV041DZDXXPaLbQAQxtNe7a+x9tfqepe936NaNfTb8HIaxgZlUPkh7JDQAdu18uc6iz/AIneuEoz31NaPdVZS521o03bu39n3fmq9g/WK9l9fr/pqWUvb6Z/fc9tjf7XtaiarUfVQu930aiwWY2+t3qMb/KDiPLc3cjV3VX4xdWZAJaR3BH0muC5vD6k/KbXl1VsoyHOcG+kfSNgJ0pe36Lrdjf0X85XZ/N2/wCDsWt0/LpfePWaGHJMBzdGPeNNjmH+j5H/AAbkIncdDpapxvXqG1GrfiuX/wAZDw3BxfA2/wDfXrb691Crp+FlWVtm+ps1MOku52yuPf1er61Yow8thZYw72OB4I00KeAIxOt9dGIwJ8HljfXs3Aajuq2Q/c0E9+F2+N/iyyMnDdksyQyda6XDkfyrJ9u7+qsRv1caOoUY2WS2sWbbG8GB9Kv+0nRI3101LGImx/W2f//QzOp39QdlYuYaAyp8VuDf3lZzWWfZbQ1p0bLh4DzXO9U+st+Y6ptM1U453NHcnxXo31Zu6d1jFtfSA8NqDLT/ACo4UdawJFeHkvkBUqP8i+f49gYwjw5VDLzbrHOrD3CvgsBIB/rBW8pox7rqxwHOaPkS1ZR1d8VdGmzDhG5Kai41PbY3lvC7rMzsjqX1RpqpPucWiyfIncuAA0K6T6uZFl+C/Da47mukD46qLNG4SkB6oiwf2NmAsiJOhKHF6K71hS6Xh/0n+CudP6VldHzR1OofomOLQ7yd7ZXT4GCK6m1tbLu57pvrM4UdNo6fW39LY8F3k0e95UWMGxerHkMbPCKCXE67ddlurFv6QCTPgdFi/Xe43ZXT3Wa5ArubuJAbslnA+jv96pYt3pdU3uMB4DZVn64VluDj5JAe8W7GOPYOa9zm/wBpzGJ3MZLlwV0Vix+njvq83VlsxrHusBI4a0Hw0b9Lcrg6d1HOqORVS5zTMk+HgxLpHT2dU6iwvB9sOsA4Ib+c6foruPSbXWGtaGMAgDsqspa0OjPGOll89PTsph2+i4HjiFYx+l5RIIbA/OJjX5LrrmNJMwQqzWAEx8kyUiyDHFx8umyltL2PfX6EbNpJAjUbf7S6zpnWMfN9J+VSxuTYA03Vgy4jTbZs+lt2+1z1kZeM+7DtYwS5w0lD+pVFmRnMYTDKu58eHcf1kIm0TD1PXcfEy8S51zh61g2Mb4mPa5v+cs/C+peJg9HZn4rnuy627rgTLXD8+GfmLTzm002Px7oc6mHVP8iEb6t5l+QbqHQauAPirXouustPsYPVVg6R1+1YZdlHTq72OJxmAFxGpA+QWJ1bCpOXR1AN2tyml1LuxcAHKzm9Vy8Dqbuk4VbXtDiXtcSA1p9zdv8AWlWuq025+Nh2ucGDDcS+kdy4Bm7+wp8MScsZEad2vzcv6PMRPqAt/9Hz/FqrstrbZ9EuAd8F6n9R242HRlY9IDGGHD5heVUnaZ8NV6h0npV9FFd1LifUYCfPRMyWDEjVPQvG9WZWzLyKydzm2P1+JWNYCbNBPkFrdZPpdSyWWaODzIVPHaBuedTOnwVkbWtEx+6BX7uiFjYeA7g6Fdj9Wun4mNiOzQYdJD58lyz2MtBLDqCug6fhZreh5V9ocylwms9nADmE8kGBGx0XcYINbh7HpOfityWOLw9p5A1WV9eepYrOs1hjXEuogeBO/wDNWN9VmGzK9rZLNUL6wX3531hYHAtNO1g+/c4/imSiMceIGywwkZy4aoL1tosuqbaSxxc35LY6ziOzsevp1LmkBzXue86NYG2c/wCb7nLGzRGeGgSQG/lWzTRZabKt2031gO7xtl3/AEmuUXMxMsXEB646iv8AnNjlpCOWMZfJKwb8vT/zkf1SwK8bp9mYSXXXOc3ya1piB/WQOv8AXsrHYXVC7YxwYXtaxrZdJZAtDt+7at7DprxJpY7cAdxBAB9w/ODfb7tqF1IPsdG4hvbgwqYPUtsx6D6OZ05+TkseLnOL28hwaCD4bq/Y5UOrZGRSx3pCx7miS2s7RH9Zoc539Vq6Tp+LTVjkVkmJL3HUzCzcrGY6HOkOmGuHiEDQIKtTo0ehW5Tgx9mO8AtDi4Pe8Aniq0v/AMJ/JXS9NwqMPqmZVW79E5rb3V8FvqNrdua7+u+5U+kPdTfE7twj3FbeLb0rGzszMtO+30/RsaCS2Gwza5jwNtv6P8z2IxHFIVpZ/AIPoEjLWo6f3pekIerdNrbc0l5cXMnU+B+ki/V2/Fx3OGM8Pe4w8TxCzepXPuouzMKyLGUOGx5kACXsXH/U/q2VTl2NaDa+/wBzjPc/nfirUMYuMq1Iak8kqlDi0idXt+tYRq6u/PncciBA7QA1Pk5mJVmfZbN32q+kPraJghp27tPb7Vcpxsl9oflPD2Bsho7Ss7LxPU+uOI5zoYMR+0eYeJ/6pTiZhEVuNWAwE7EtQdC//9LiLv2WNvpbj++3Ve0/V+is9FwnMO5ppYQTzG0Lyr61fV+rpVPTMygEMzaAbWntYGtf/wBLcvT/AKlXF/1W6e+wEH0Rz4D6P/RQ4QANSf7xXylfQD+6Hzv6/UV1fWW2BoW1ucPv/uWZVW2+zbX7WuGnyV3665ZzvrDlub9GuKx8GjX/AKTlV6Q3eWebSPwU8Og8GCXU+KPFx3OvbR3c/b+K9SwKm5uEzpfo7aWVDc88H+T/AGl550Ojf1VocfoFzvmFvX9Z6107qW2hzRVtltb2xub9E7HyllHoB8UYz6j5Nb6tUWYXWsrEd9KlxrPyPt/6K1mdDbd1+x1whvpB7DPJJ2n/ADVnUufT1lme8gtzxM9t4AdH9ti6bMqvyQOp4xgV1ubtnV3DgjlkTjiR31TiAGSQOhrR5M9Ov2HOcRsst2N8YDixrv8AoLc6PX/OXWSdojcqmRZjfsjCoa2xt5eHObB0+k9+/wC9bWNSD0p7mNgEGYTTImN9j0XcIMwLqx1cTCuc3qFsk+nkDbWTxvaS9rP+296JnZJZq7QcT4KT6bDXh4tQaWOua59jiBGw/aHtb+c+za38xSy6y27adWEyD4eRVPmICBABBPVu8vllMGUgf6pPb5dP7rFrnHGb6V5awEWeza5r/wCS76Xsd/IVG15qY83Xe2QYMBoIENj87dqj5WFR6ZNdLd3Ps9hk8n9HtVSnEoYd7qoc3VpcS8j+08uUBruzaVd/g3OmWh2RU+fZIJPGg+kiW41TMHP6nG2611lwE8kl1u0qLcOyiix1ktdO3YeRMOLHfuu2u+gtK7AdmdDZU0H9M4tO3sDubKtcuDGJJNCW/wDdanMSEpgdY/8AScf6rZl/Ven9QbZXLLhsrjk7me4f+RWf9ScB2N9YcvCubNlINZBGujp3f2mrsOldDHQsOunArNr9C4PPfu4uWbac7H+v+DbdU1hzqXMdt1kM90u/lMUxnZGuwYK1Om70l3qMDmsYT7NoPmq5xLXtoscD61Tw4nnT85q3TtB4TO2jsmEk9VwobB//0xf40Aa8PpOMBAAcf81gH/fl2nRazjfVzFaBJrx2af2QuL/xjvfmdK6flR7WO+kP5bYXTdG6tmZPRsZ1LGlrqgJJ8oSPyj6pfMMi83ZeRe4hnqve50+ZKs4+Pfhuqa+t1ZczczcIJaR9Jb1f1R+3OyCy1rbvWLyCJH0t+1afUun5mb1bF+0mtrcat2gH0iY5n4JwyASvotMCRXV5XpVnp5NlwGoB/ErRzsyvr+Xi3UZApxsRrvWudW7bqWtc5239J6LNv9I9L7PX/hbGKz0+mvGxeu5NzKzRSC1zDrMDYGj/AI19qq4fTcvpv2LMuqLJewOYQAz03k476o/k7vTtUhJnEgDSOpLHXBKyaMtAHZs+rVzqKq68gNbQ8PYXAuiD29wXRdNr+x4pxshtlxEn2NEEfyf0jty5HpPWgMUUOcC7H3V+467GHbS539aj0loY/XJL2YrDa+NxIGjB+dYWNd7f+MtThGJx70N6Pf8AvKuXubWdhW/2PSPtwXA1jGfx4Nj/AKpUWZTcCoYAqfkB+59ljoY2qqXQ72m71bHO9lVX/ntVm9Ur9BuQLnF7h7i46gj2ubpt+gsXI6ycvqDqnXTXY0PbVw32+3I+j9N3uZd7/pqvlmIQlwD8Wzy2IZcsIzNb7D/mtpmbj4+fjuA247y+gOcdxHqhr9+7/hH0e9WMwtdK52u1uXjW0E+5jt1bvHafaVo4OQ6+vY5wNjRxOsKjxGV2bJNujmxCBBiKhQGmw4WF2Re32NMg+PKnjGHMJ1Mynsx3F2iudMw6vXacuW18fNCiSxkim71nFqa/EzmP2s6lZXhZjeR6jm7cHN7e+tzPsl/+lps/4FaHR+oYuPgtrc71AHOG6Igglr63tPuZZW8bHtVP622Ybek4tdDveMvHcwT3a8GVRzK7W9fcMaBj9Sc5mQCYazIYJpyv/Qilno3bW/zlNdiswnR4D1a+TEZY/cH6Oh/u/wDoL2VN9NrPVqcC3ufD4rlepZTcr679NFQ3Mw67RY7sHWRtb/0FU/a+J0my3GOQcrLcC011wWMLf0jq7P8ABu3MG5nv9ZafRaej595vqr2ZDIcCCSHabtzJ/wCpTpSqQHdZDHxQlPfh+YD9H+t/dejc4lDJf3KmW+ag5vmnsT//1MrIwOq5vTKun3WS3HcNp8Wj6M/1Vb6Vidfwa24zMkfZgfoxqB32uWpV345Viv6XZNPFR7J0YUY9tTy6t5BJknvJRHY2RY5z3PJe4Ru8EcfJGYmpeX6n0qzAw2Vstc92bk1VlvMnd6jTH53v2rc6q3Ho6TeLLPVfura1xEkvc5rmvEN21brRv/t+mq/Xv5/pPP8ASj9Hnhv0f+E/cUet/wBAt+l/OY//AFbP+h/39TQvg61Zuu/p4Vufi9wcfz0K4v3PU8Pfi2ZOcasew+tde6qtg0DRvdBe6Pobf0i6ql+N0rp5wMMyx2t1x+ndZG022f8Aoqr/AAVawuj/APLZ4/w/PP0X/Q/l/wDov1Fo5v0TyqvMcfD/AFOvm6HIe1xG/wCc/Rv93+r/AFkL+ndZysb7bhs9WmwuDmNdDw5hNdnsft+lt3e1yo11ZtGRWbarKbPe0eoxzYdtc9n0ht/nK2K10v8A5SP9O5P9C+j2/nV1/UP+Sr/536H+E45H0k837Zv939jXj/ukcP8AndPLjeOForyW216VXtbY3XjcA/8A6KLeWvHqg7XDuDBnxBCqf9o8P/ix8eVZH0Xf1e/H9pU3YGxbOF1+/GO7Ic26kGNriBZp+4/87/ri6mm2jMoruqdNdjQ9joiQfJcVhfzj/wCY+f0uW8LqcL+jt4/O/mf5v6Tv5tSxqtzfk0c9cWgj5xOv+FH5UOdSzIyAyy0NFbXGlpP0njQ/9ttcodWpbl49tbn7WXew2iZY4w6m/T/RXN9//BeogZf8/T9H+eb/ADn0+D/Nf+jv5fpKy/8Ao9vH0PzuEw3xenwrzbGLh9k8VVUuP+X9x5x2T61hfdQRlVPLLWuO1jLGaP2NpO+z9L6m3fYyv/g3rR+pfVX42ZUwnQH+NVIb+Ko5f/KGZ/Wq+P8ANM/nP+H/ANKg9A/5Qp5/pFPH/Hn/AKH7ysZdo/vX0aPJ1xZK+Stb/d/rPse8EBzdWuAIPkdQoOeqvTf+S8T6f80Pp89/9WfyEU/P5qVqGrNbdLf/2f/iC/hJQ0NfUFJPRklMRQABAQAAC+gAAAAAAgAAAG1udHJSR0IgWFlaIAfZAAMAGwAVACQAH2Fjc3AAAAAAAAAAAAAAAAAAAAAAAAAAAQAAAAAAAAAAAAD21gABAAAAANMtAAAAACn4Pd6v8lWueEL65MqDOQ0AAAAAAAAAAAAAAAAAAAAAAAAAAAAAAAAAAAAAAAAAEGRlc2MAAAFEAAAAeWJYWVoAAAHAAAAAFGJUUkMAAAHUAAAIDGRtZGQAAAngAAAAiGdYWVoAAApoAAAAFGdUUkMAAAHUAAAIDGx1bWkAAAp8AAAAFG1lYXMAAAqQAAAAJGJrcHQAAAq0AAAAFHJYWVoAAArIAAAAFHJUUkMAAAHUAAAIDHRlY2gAAArcAAAADHZ1ZWQAAAroAAAAh3d0cHQAAAtwAAAAFGNwcnQAAAuEAAAAN2NoYWQAAAu8AAAALGRlc2MAAAAAAAAAH3NSR0IgSUVDNjE5NjYtMi0xIGJsYWNrIHNjYWxlZAAAAAAAAAAAAAAAAAAAAAAAAAAAAAAAAAAAAAAAAAAAAAAAAAAAAAAAAAAAAAAAAAAAAAAAAAAAAAAAAAAAAAAAAAAAAAAAAAAAAAAAAAAAAABYWVogAAAAAAAAJKAAAA+EAAC2z2N1cnYAAAAAAAAEAAAAAAUACgAPABQAGQAeACMAKAAtADIANwA7AEAARQBKAE8AVABZAF4AYwBoAG0AcgB3AHwAgQCGAIsAkACVAJoAnwCkAKkArgCyALcAvADBAMYAywDQANUA2wDgAOUA6wDwAPYA+wEBAQcBDQETARkBHwElASsBMgE4AT4BRQFMAVIBWQFgAWcBbgF1AXwBgwGLAZIBmgGhAakBsQG5AcEByQHRAdkB4QHpAfIB+gIDAgwCFAIdAiYCLwI4AkECSwJUAl0CZwJxAnoChAKOApgCogKsArYCwQLLAtUC4ALrAvUDAAMLAxYDIQMtAzgDQwNPA1oDZgNyA34DigOWA6IDrgO6A8cD0wPgA+wD+QQGBBMEIAQtBDsESARVBGMEcQR+BIwEmgSoBLYExATTBOEE8AT+BQ0FHAUrBToFSQVYBWcFdwWGBZYFpgW1BcUF1QXlBfYGBgYWBicGNwZIBlkGagZ7BowGnQavBsAG0QbjBvUHBwcZBysHPQdPB2EHdAeGB5kHrAe/B9IH5Qf4CAsIHwgyCEYIWghuCIIIlgiqCL4I0gjnCPsJEAklCToJTwlkCXkJjwmkCboJzwnlCfsKEQonCj0KVApqCoEKmAquCsUK3ArzCwsLIgs5C1ELaQuAC5gLsAvIC+EL+QwSDCoMQwxcDHUMjgynDMAM2QzzDQ0NJg1ADVoNdA2ODakNww3eDfgOEw4uDkkOZA5/DpsOtg7SDu4PCQ8lD0EPXg96D5YPsw/PD+wQCRAmEEMQYRB+EJsQuRDXEPURExExEU8RbRGMEaoRyRHoEgcSJhJFEmQShBKjEsMS4xMDEyMTQxNjE4MTpBPFE+UUBhQnFEkUahSLFK0UzhTwFRIVNBVWFXgVmxW9FeAWAxYmFkkWbBaPFrIW1hb6Fx0XQRdlF4kXrhfSF/cYGxhAGGUYihivGNUY+hkgGUUZaxmRGbcZ3RoEGioaURp3Gp4axRrsGxQbOxtjG4obshvaHAIcKhxSHHscoxzMHPUdHh1HHXAdmR3DHeweFh5AHmoelB6+HukfEx8+H2kflB+/H+ogFSBBIGwgmCDEIPAhHCFIIXUhoSHOIfsiJyJVIoIiryLdIwojOCNmI5QjwiPwJB8kTSR8JKsk2iUJJTglaCWXJccl9yYnJlcmhya3JugnGCdJJ3onqyfcKA0oPyhxKKIo1CkGKTgpaymdKdAqAio1KmgqmyrPKwIrNitpK50r0SwFLDksbiyiLNctDC1BLXYtqy3hLhYuTC6CLrcu7i8kL1ovkS/HL/4wNTBsMKQw2zESMUoxgjG6MfIyKjJjMpsy1DMNM0YzfzO4M/E0KzRlNJ402DUTNU01hzXCNf02NzZyNq426TckN2A3nDfXOBQ4UDiMOMg5BTlCOX85vDn5OjY6dDqyOu87LTtrO6o76DwnPGU8pDzjPSI9YT2hPeA+ID5gPqA+4D8hP2E/oj/iQCNAZECmQOdBKUFqQaxB7kIwQnJCtUL3QzpDfUPARANER0SKRM5FEkVVRZpF3kYiRmdGq0bwRzVHe0fASAVIS0iRSNdJHUljSalJ8Eo3Sn1KxEsMS1NLmkviTCpMcky6TQJNSk2TTdxOJU5uTrdPAE9JT5NP3VAnUHFQu1EGUVBRm1HmUjFSfFLHUxNTX1OqU/ZUQlSPVNtVKFV1VcJWD1ZcVqlW91dEV5JX4FgvWH1Yy1kaWWlZuFoHWlZaplr1W0VblVvlXDVchlzWXSddeF3JXhpebF69Xw9fYV+zYAVgV2CqYPxhT2GiYfViSWKcYvBjQ2OXY+tkQGSUZOllPWWSZedmPWaSZuhnPWeTZ+loP2iWaOxpQ2maafFqSGqfavdrT2una/9sV2yvbQhtYG25bhJua27Ebx5veG/RcCtwhnDgcTpxlXHwcktypnMBc11zuHQUdHB0zHUodYV14XY+dpt2+HdWd7N4EXhueMx5KnmJeed6RnqlewR7Y3vCfCF8gXzhfUF9oX4BfmJ+wn8jf4R/5YBHgKiBCoFrgc2CMIKSgvSDV4O6hB2EgITjhUeFq4YOhnKG14c7h5+IBIhpiM6JM4mZif6KZIrKizCLlov8jGOMyo0xjZiN/45mjs6PNo+ekAaQbpDWkT+RqJIRknqS45NNk7aUIJSKlPSVX5XJljSWn5cKl3WX4JhMmLiZJJmQmfyaaJrVm0Kbr5wcnImc951kndKeQJ6unx2fi5/6oGmg2KFHobaiJqKWowajdqPmpFakx6U4pammGqaLpv2nbqfgqFKoxKk3qamqHKqPqwKrdavprFys0K1ErbiuLa6hrxavi7AAsHWw6rFgsdayS7LCszizrrQltJy1E7WKtgG2ebbwt2i34LhZuNG5SrnCuju6tbsuu6e8IbybvRW9j74KvoS+/796v/XAcMDswWfB48JfwtvDWMPUxFHEzsVLxcjGRsbDx0HHv8g9yLzJOsm5yjjKt8s2y7bMNcy1zTXNtc42zrbPN8+40DnQutE80b7SP9LB00TTxtRJ1MvVTtXR1lXW2Ndc1+DYZNjo2WzZ8dp22vvbgNwF3IrdEN2W3hzeot8p36/gNuC94UThzOJT4tvjY+Pr5HPk/OWE5g3mlucf56noMui86Ubp0Opb6uXrcOv77IbtEe2c7ijutO9A78zwWPDl8XLx//KM8xnzp/Q09ML1UPXe9m32+/eK+Bn4qPk4+cf6V/rn+3f8B/yY/Sn9uv5L/tz/bf//ZGVzYwAAAAAAAAAuSUVDIDYxOTY2LTItMSBEZWZhdWx0IFJHQiBDb2xvdXIgU3BhY2UgLSBzUkdCAAAAAAAAAAAAAAAAAAAAAAAAAAAAAAAAAAAAAAAAAAAAAAAAAAAAAAAAAAAAAAAAAAAAAAAAAAAAAAAAAAAAAAAAAAAAAAAAAAAAAAAAAFhZWiAAAAAAAABimQAAt4UAABjaWFlaIAAAAAAAAAAAAFAAAAAAAABtZWFzAAAAAAAAAAEAAAAAAAAAAAAAAAAAAAAAAAAAAAAAAAJYWVogAAAAAAAAAxYAAAMzAAACpFhZWiAAAAAAAABvogAAOPUAAAOQc2lnIAAAAABDUlQgZGVzYwAAAAAAAAAtUmVmZXJlbmNlIFZpZXdpbmcgQ29uZGl0aW9uIGluIElFQyA2MTk2Ni0yLTEAAAAAAAAAAAAAAAAAAAAAAAAAAAAAAAAAAAAAAAAAAAAAAAAAAAAAAAAAAAAAAAAAAAAAAAAAAAAAAAAAAAAAAAAAAAAAAAAAAAAAAAAAAFhZWiAAAAAAAAD21gABAAAAANMtdGV4dAAAAABDb3B5cmlnaHQgSW50ZXJuYXRpb25hbCBDb2xvciBDb25zb3J0aXVtLCAyMDA5AABzZjMyAAAAAAABDEQAAAXf///zJgAAB5QAAP2P///7of///aIAAAPbAADAdf/hD0lodHRwOi8vbnMuYWRvYmUuY29tL3hhcC8xLjAvADw/eHBhY2tldCBiZWdpbj0i77u/IiBpZD0iVzVNME1wQ2VoaUh6cmVTek5UY3prYzlkIj8+IDx4OnhtcG1ldGEgeG1sbnM6eD0iYWRvYmU6bnM6bWV0YS8iIHg6eG1wdGs9IkFkb2JlIFhNUCBDb3JlIDUuNi1jMDY3IDc5LjE1Nzc0NywgMjAxNS8wMy8zMC0yMzo0MDo0MiAgICAgICAgIj4gPHJkZjpSREYgeG1sbnM6cmRmPSJodHRwOi8vd3d3LnczLm9yZy8xOTk5LzAyLzIyLXJkZi1zeW50YXgtbnMjIj4gPHJkZjpEZXNjcmlwdGlvbiByZGY6YWJvdXQ9IiIgeG1sbnM6eG1wPSJodHRwOi8vbnMuYWRvYmUuY29tL3hhcC8xLjAvIiB4bWxuczpwaG90b3Nob3A9Imh0dHA6Ly9ucy5hZG9iZS5jb20vcGhvdG9zaG9wLzEuMC8iIHhtbG5zOnhtcE1NPSJodHRwOi8vbnMuYWRvYmUuY29tL3hhcC8xLjAvbW0vIiB4bWxuczpzdFJlZj0iaHR0cDovL25zLmFkb2JlLmNvbS94YXAvMS4wL3NUeXBlL1Jlc291cmNlUmVmIyIgeG1sbnM6c3RFdnQ9Imh0dHA6Ly9ucy5hZG9iZS5jb20veGFwLzEuMC9zVHlwZS9SZXNvdXJjZUV2ZW50IyIgeG1sbnM6ZGM9Imh0dHA6Ly9wdXJsLm9yZy9kYy9lbGVtZW50cy8xLjEvIiB4bXA6Q3JlYXRvclRvb2w9IkFkb2JlIFBob3Rvc2hvcCBMaWdodHJvb20gNS42IChXaW5kb3dzKSIgeG1wOk1vZGlmeURhdGU9IjIwMTYtMDgtMTZUMTg6MDA6MzQtMDQ6MDAiIHhtcDpDcmVhdGVEYXRlPSIyMDE2LTA3LTA4VDEwOjMxOjUyIiB4bXA6TWV0YWRhdGFEYXRlPSIyMDE2LTA4LTE2VDE4OjAwOjM0LTA0OjAwIiBwaG90b3Nob3A6RGF0ZUNyZWF0ZWQ9IjIwMTYtMDctMDhUMTA6MzE6NTIuMDA1IiBwaG90b3Nob3A6TGVnYWN5SVBUQ0RpZ2VzdD0iNEJENzlDMkQ3ODM4QTg4QzkwNjMwODY2MTQ3QjBCNzciIHBob3Rvc2hvcDpDb2xvck1vZGU9IjMiIHBob3Rvc2hvcDpJQ0NQcm9maWxlPSJzUkdCIElFQzYxOTY2LTItMSBibGFjayBzY2FsZWQiIHhtcE1NOkRvY3VtZW50SUQ9ImFkb2JlOmRvY2lkOnBob3Rvc2hvcDphZjc5NjE5YS1hNDhhLTExNzktOWUyOS1kZTE3OTQ0MDU1NjQiIHhtcE1NOk9yaWdpbmFsRG9jdW1lbnRJRD0iNTEyQkExNEFEREM0MkEzNUFCN0VCMTAyOTlFNkVBODkiIHhtcE1NOkluc3RhbmNlSUQ9InhtcC5paWQ6YzI1NmEzMjctOGI1Ny00OWE3LTgzMzItM2NmNjA3ODNlMTFjIiBkYzpmb3JtYXQ9ImltYWdlL2pwZWciPiA8eG1wTU06RGVyaXZlZEZyb20gc3RSZWY6ZG9jdW1lbnRJRD0iNTEyQkExNEFEREM0MkEzNUFCN0VCMTAyOTlFNkVBODkiIHN0UmVmOm9yaWdpbmFsRG9jdW1lbnRJRD0iNTEyQkExNEFEREM0MkEzNUFCN0VCMTAyOTlFNkVBODkiLz4gPHhtcE1NOkhpc3Rvcnk+IDxyZGY6U2VxPiA8cmRmOmxpIHN0RXZ0OmFjdGlvbj0ic2F2ZWQiIHN0RXZ0Omluc3RhbmNlSUQ9InhtcC5paWQ6MjQ3ZTBmNzgtZjE5Yy00ZDAwLTk2NDktMTBhZGQ5MTY0NDUxIiBzdEV2dDp3aGVuPSIyMDE2LTA4LTE2VDE4OjAwOjM0LTA0OjAwIiBzdEV2dDpzb2Z0d2FyZUFnZW50PSJBZG9iZSBQaG90b3Nob3AgQ0MgMjAxNSAoTWFjaW50b3NoKSIgc3RFdnQ6Y2hhbmdlZD0iLyIvPiA8cmRmOmxpIHN0RXZ0OmFjdGlvbj0ic2F2ZWQiIHN0RXZ0Omluc3RhbmNlSUQ9InhtcC5paWQ6YzI1NmEzMjctOGI1Ny00OWE3LTgzMzItM2NmNjA3ODNlMTFjIiBzdEV2dDp3aGVuPSIyMDE2LTA4LTE2VDE4OjAwOjM0LTA0OjAwIiBzdEV2dDpzb2Z0d2FyZUFnZW50PSJBZG9iZSBQaG90b3Nob3AgQ0MgMjAxNSAoTWFjaW50b3NoKSIgc3RFdnQ6Y2hhbmdlZD0iLyIvPiA8L3JkZjpTZXE+IDwveG1wTU06SGlzdG9yeT4gPC9yZGY6RGVzY3JpcHRpb24+IDwvcmRmOlJERj4gPC94OnhtcG1ldGE+ICAgICAgICAgICAgICAgICAgICAgICAgICAgICAgICAgICAgICAgICAgICAgICAgICAgICAgICAgICAgICAgICAgICAgICAgICAgICAgICAgICAgICAgICAgICAgICAgICAgICAgICAgICAgICAgICAgICAgICAgICAgICAgICAgICAgICAgICAgICAgICAgICAgICAgICAgICAgICAgICAgICAgICAgICAgICAgICAgICAgICAgICAgICAgICAgICAgICAgICAgICAgICAgICAgICAgICAgICAgICAgICAgICAgICAgICAgICAgICAgICAgICAgICAgICAgICAgICAgICAgICAgICAgICAgICAgICAgICAgICAgICAgICAgICAgICAgICAgICAgICAgICAgICAgICAgICAgICAgICAgICAgICAgICAgICAgICAgICAgICAgICAgICAgICAgICAgICAgICAgICAgICAgICAgICAgICAgICAgICAgICAgICAgICAgICAgICAgICAgICAgICAgICAgICAgICAgICAgICAgICAgICAgICAgICAgICAgICAgICAgICAgICAgICAgICAgICAgICAgICAgICAgICAgICAgICAgICAgICAgICAgICAgICAgICAgICAgICAgICAgICAgICAgICAgICAgICAgICAgICAgICAgICAgICAgICAgICAgICAgICAgICAgICAgICAgICAgICAgICAgICAgICAgICAgICAgICAgICAgICAgICAgICAgICAgICAgICAgICAgICAgICAgICAgICAgICAgICAgICAgICAgICAgICAgICAgICAgICAgICAgICAgICAgICAgICAgICAgICAgICAgICAgICAgICAgICAgICAgICAgICAgICAgICAgICAgICAgICAgICAgICAgICAgICAgICAgICAgICAgICAgICAgICAgICAgICAgICAgICAgICAgICAgICAgICAgICAgICAgICAgICAgICAgICAgICAgICAgICAgICAgICAgICAgICAgICAgICAgICAgICAgICAgICAgICAgICAgICAgICAgICAgICAgICAgICAgICAgICAgICAgICAgICAgICAgICAgICAgICAgICAgICAgICAgICAgICAgICAgICAgICAgICAgICAgICAgICAgICAgICAgICAgICAgICAgICAgICAgICAgICAgICAgICAgICAgICAgICAgICAgICAgICAgICAgICAgICAgICAgICAgICAgICAgICAgICAgICAgICAgICAgICAgICAgICAgICAgICAgICAgICAgICAgICAgICAgICAgICAgICAgICAgICAgICAgICAgICAgICAgICAgICAgICAgICAgICAgICAgICAgICAgICAgICAgICAgICAgICAgICAgICAgICAgICAgICAgICAgICAgICAgICAgICAgICAgICAgICAgICAgICAgICAgICAgICAgICAgICAgICAgICAgICAgICAgICAgICAgICAgICAgICAgICAgICAgICAgICAgICAgICAgICAgICAgICAgICAgICAgICAgICAgICAgICAgICAgICAgICAgICAgICAgICAgICAgICAgICAgICAgICAgICAgICAgICAgICAgICAgICAgICAgICAgICAgICAgICAgICAgICAgICAgICAgICAgICAgICAgICAgICAgICAgICAgICAgICAgICAgICAgICAgICAgICAgICAgICAgICAgICAgICAgICAgICAgICAgICAgICAgICAgICAgICAgICAgICAgICAgICAgICAgICAgICAgICAgICAgICAgICAgICAgICAgICAgICAgICAgICAgICAgICAgICAgICAgICAgICAgICAgICAgICAgICAgICAgICAgICAgICAgICAgICAgICAgICAgICAgICAgICAgICAgICAgICAgICAgICAgICAgICAgICAgICAgICAgICAgICAgICAgICAgICAgICAgICAgICAgICAgICAgICAgICAgICAgICAgICAgICAgICAgICAgICAgICAgICAgICAgICAgICAgICAgICAgICAgICAgICAgICAgICAgICAgICAgICAgICAgICAgICAgICAgICAgICAgICAgICAgICAgICAgICAgICAgICAgICAgICAgICAgICAgICAgICAgICAgICAgICAgICAgICAgICAgICAgICAgICAgICAgICAgICAgICAgICAgICAgICAgICAgICAgICAgICAgICAgICAgICAgICAgICAgICAgICAgICAgICAgICAgICAgICAgICAgICAgICAgICAgICAgICAgICAgICAgICAgICAgICAgICAgICAgICAgICAgICAgICAgICAgICAgICAgICAgICAgICAgICAgICAgICAgICAgICAgICAgICAgICAgICAgICAgICAgICAgICAgICAgICAgICAgICAgICAgICAgICAgICAgICAgICAgICAgICAgICAgICAgICAgICAgICAgICAgICAgICAgICAgICAgICAgICAgICAgICAgICAgICAgICAgICAgICAgICAgICAgICAgICAgICAgICAgICAgICAgICAgICAgICAgICAgICAgICAgICAgICAgICAgICAgICAgICAgICAgICAgICAgICAgICAgICAgPD94cGFja2V0IGVuZD0idyI/Pv/bAEMAFxARFBEOFxQSFBoYFxsiOSUiHx8iRjI1KTlSSFdVUUhQTltmg29bYXxiTlBym3N8h4uSlJJYbaCsn46qg4+Sjf/bAEMBGBoaIh4iQyUlQ41eUF6NjY2NjY2NjY2NjY2NjY2NjY2NjY2NjY2NjY2NjY2NjY2NjY2NjY2NjY2NjY2NjY2Njf/AABEIAu4FMgMBEQACEQEDEQH/xAAbAAACAwEBAQAAAAAAAAAAAAACAwABBAUGB//EADsQAAICAQQBAwMCBQMDAwUAAwABAhEDBBIhMUEiUWETMnEFgRQjQpGhM1KxJGLRweHwNENygvEVkqL/xAAZAQEBAQEBAQAAAAAAAAAAAAAAAQIDBAX/xAAjEQEBAQEAAwEBAQADAQEBAAAAARECAyExEkFREyIyYUJx/9oADAMBAAIRAxEAPwBGZHFWHKuTUUoCAQCAUwKILQBIA0BaCiIi0A2CCHJGgaAsAWBEQMhKgHRmVRxmAamQEpkBKQBpgEmASCIBAIVEAhFQCAQCgKZQLAFgAwAYAMAWALAuHZBrxGoNMCoagCIKZFQggEAgEAgEAsggFAQCmUCwAkAmQCpALYFIg0YjUGqHRpDkASAslVRkUBALAhRCCAQCAQCmAE5KK5Cufqv1GGK1HlgxgX8Vq5emLr3fCI00R/TopbtRkcn/ALVwipoMuXT6ZVGMb9kMHO1GuyZHw+PZFVnUc+auL/JUPWFYUpSW7Iv7Igfhhmypyi6b/wAFGj+HgnHc3OS7JVPnlWLGoxSTasaYQsjdN8sC5SpPe+uaQFxz/wAqk0r4VF1Eg5SluiqX+5lDnlUVcrkl7dFRkzaySdxwqv3Ghf1cmXHcd0ZR7XuvdADOE9v1FKTi+6fRFFh2yi4Ob56v3INOHI8S2ydoKfmvLhex8pcMg5+PJKLcckb/ACi4hkM0E6laXi2MXToZckecbU18uiBinjyupXjkFE8c4q+JR90QAo27UnGX+AHRy5IupqyKZH6TtxltYDEpRquL8oqDjqJQltydeGXUxpU1JJ3yVMW+e+GEA78GRNy8oopmRRUQ1BDSCRUEgCAoCMilyMUCRUAoCyCFEApgQ0i0aQSKCAgAyARkCMOq+1mOhxMr9bMxCmzSKKqAXQEAFoooAkQEkBYFWBLAqwBZVLkUCygWBRRAruZTg0w5UailAQCgIBQEILSAJAEgokQWEFFcgNggh0TQNAWwBYFNkVW6iCfVooOOb5CmLMAyOSyKZGYTDFIBkZBDEwLCLAhRAIQQCAUBGBTKBYQDChYAMAGADAFgXHsg14jUGqBUMQBEEIqiCAQCAQCAQCyCAUBAKZQLACQCpAJkAtgRAPxFg1w6NIbEA0BGSqoyIBAIBCiAWQQCAUBk1OtxYFV2/YK5qyan9QyNY/TDzJ9BfjXh/TcOJqU7yT95ETTc+aGCPi/Yo4+p185NqLr5DWOfOTk+bfyyhmHDGXqndLpFQz6lLbBP9vIDcOklNueoeyK52rtlQ6WVRSx4/TBexnWpC3nTtY7ciKpylJ3ktNWVCJ51BUuwJh1E8uRQl9r7+EXEOybNOk8j3OHVefahgqOonn5hcb8F+Do4HtxxUnfl8DQ5yjKko0vcaFLBByUm3Jogb9JNU4wV/IAPQuce4JeKVgV/BTUrrcn8EUMtPJP03F+wCcmKS+9L90At4YS6SX45ApaecOcTT+LoaInkupwf9gNOHNSpfumBpX05+KfuiKLYmvePugAyadTjwr+UMNVjWfCv98SKfHLDIqkkvyVEUZYpLa/T7eB8X60RlatdexdZsF3yExTSfK7+SIH4vj/gCna7As0i0aRaKgkAQFAQgCRitAIIBAIQQogFAQ1EWig0aRYEAGQCMgGDVfazHSOJl+9kiFmhVEFlFgQiKaKqUBKAlgSwKsCWVVNkFMoFgAygWUUVUCOxORyxtnycgJoKgFUBQEILoC0gLSCiSICSAsiCiA6BUOiaBogjKAZAEmRSZSClvIUUsr9yqZDIyB0MhFaIZCB8ZhMOhIIbFhDEUWEQogEAhBAIBQFMoFgCwAYAMAGALAFgXHsg1YjQ1QKhiAMgpkVRBAIBAIBVgVuAm4gvcBLAsCmUUwAkAmQCpALYFAPxFg1wNIbEA0BGSqoyIBAIBAIUWQQAZ5I447pOkBx9b+pSbcMX9w1IXpNBPUtZMzaj7eWLV+OxGEMMFGKSS8IjLHq9bHEmotWUkcXNqJZ5Pn9w0zunL3KLSt9BD1gc16pOMfPyUacGGGKNx4S/qfY0DmzKlX29/kisspvNwuOSAfqrFxDv3KFTzTl3Kl7lQOCDzZFFcR8yAa80MacIQ5fHd/3LINOLE9Tj2ahqNP0S8/j8EtMaMeKOB7Ywdry+2Z1cOU06T4fwAe59Lv5Av6jXmzQJTUVbml+Biaqf6hjj6IJuVWuezWIyv9WyyfOCco+6kx6PY8eo+om1HPGX/dIUMlmyJJPHOd+UkzPpQ/ThNbleN/KoigcZxXquvdEUaeRK8c4z+JFEWohu258Lgwh+NY5cwnT9pAG4Tj6qpe8eUyKdjkpezAuUdquAFKMZr2YEUXj4T/b3AONN2vS/YBlPtd+wEfHITFSX7phFRdxp+AiLjj2NRKJGkEiotAEBAKIoJGKoCCAQCEEAhRQENRBI0CRUWBYASARkCMGq+1mehw8n3MzEAURsCIosCyCAQCgKYFFFMoqwqWBABYAtFAsoEqoEdKUjm2W2ALCqogpgUBCC0BaQBIKtIgJIgtBBIB0BA6JtBIgtgLkyKRNhSJyCkSlyURMBsWRTYyINEJcBToT5A1Y2RLD4MrJsQgyohRAIBRBAIALYFWVFNhQsAWADAWwBYAsC49kGrEag1QKhiAKyAXIih3EF7gJuAuwBcgAlIAHkAr6hBayAGplBKQBWBGAEgFSATIBbAoB+IsK1w6NIagDQEZKqjIgVAiAQC0UWgAzZIYYbpv8ABcVwdVq8mqz7IPj/AAiLIdo9AsjUpcr39zN1ddZJYoiMubrdcknGDNSDjZJPI92R0vb3DRbk5cdL2QRcUor5AOFJXX/uUPinJb58Q+TKl59VfpiqiukUZ7cnzywLuk64XlhCJSuVQV/JcE2LvI+vA/8A4NOhvLNqMXt6voUaMenxYpcK5e/ZLVwxuKdv/wBzKjWe47Z/b4S7KAeSP/2pKTX9PTBoZTzSXqbV+Fx/kqG4Mc27lLavYsStGWMMcUpJX8+TWI5+XUwc1BT2O+GqJil6jT5ZZL35Njqq65AL9P0c55alv9Tp37eSo3a3TRqOHG5Y4xX9K5ZFZdPi1MKn9WccftPyNMHh1WWUpfSnHLFc15GB8ckJrdLG4324+P2MtaNVOPDWSPt5JQNU6xtr/tkAzDqJQe1qn+eyjWsuOTXHL68MgdFJ8NgT6ajd9kEp1zz8eSiJKQFvdHlW17+UASlf/wA7KiJp9fugKq5WgidPkrK0aiCRUWkAQEAoigkYqhIKAgEIIBCigIaiCRoEiosCADIBGQI5+r+1maOJk+9kiAKKAgBAWQQIgEChYFFAtlFBUAgFACyimUCyiqA3nN0xTQMUBGiCqAqiCii0QFQFhRJEFpEBIItAOgUNRUGiiS6IpM2RWebIrPNlCvJRaIGRCjTAfCRlTYS5CtmJ9ERqgys06JWRlRCiAQCEAtgA5FAuQFbwK3ASwIwAYAMAGAIFx7INWI1BqiVBbgKciBcshFB9QgtZADUwLcygJTIEzygZ550vJcAfxKvsmBkc6fkBscvyA6OSwGxkAVgUwFSAVIBbAoB2IsGuHRpDYgGgISqoyqAQCrCJYVLNAt1KwOH+o58mom1jTaXX/kjUh2HQrHjji/8AuS5nL2XsMTXVxwjjxrhJJGsRyP1P9Rim4Y3aXt5Mq5MnKUt01b8IAZRl3Pj2QAytScfKAteIpWwHwxperI+ERSNRqJZGkuILpALSvkojfhBASpKpO/goFtqlGPL6QwaMOmcvXnklH/ahaY1Y5+MSUYpGVC5qPEeWRQX5b5LiaXkyvq6Xsu2XEXjT9qA2aeM91tuvkKdkz49OunLI+ort/wDg2y52pzyzP+Y5417JWv3YD9N+nqSxy3JvJyvwB1NTgaz6XBjVR7k14SA1aLAscJTl3KTa/AxFLTqWplObtJUkFXPTbk9z46r4Jg4+fTwcnjgpYkpcPGq/uFE9O8bjP6qUvL63flEFrHOXqx+iXv3F/wDgBiyOL254OLfntMmRUcIS6fHs+URoSxyUai/wn0EPw5r4mmvcDTGTa4akvbyEFGcZLa//AHCiliT58+6GJqqlDzZRfE+YcPymAPba6kRQSm0+Pu/5CCU00vb2Klgk0maZGiotFQQEAolUEjFUJBQEAhBAIUUBDUBI0gkVBAQBcgEZAjBq/tZmjh5H6mSIBlFFEsC7AuyC7AlkFNhFNhQORoVZRAqAQgpgUUUygWUUB04xOOu2LeMauFyhRdQIZUBKIKoC0gLSAJIiiSILCLAiAdAocioNADIKz5GRWbIwpEnyABVEiA0wDTAODMqbGXIqt2F8EGvGVitESsjRUWUUBABkyBcpAJlkAW8vyUV9T5AJTANMC7AjACSABgCBI9gasRYh6ZRHIBcshFZ8mdLyQI/iVfYxRwz35IHxy8dlFvKAuWUDLnz7U+SyI5efVNy4ZuRClqZe4xD8era7YxWzDqr8mcG7HltdkwaYTIpqkQFYASATIBbAoB+IsGqHRpDYgMSCpRKKoyqUBTABsgFyKK3lUrU5PTsT77Bhej063vNL80xIta8EOJ5Zdydmolc/9W/UKf0MLtr7miWkjiLc57ruXv7EBbYp/wDd7AC0755/4AZk/wBSoK3JJ2BVLH/+XlkUrLkcvSukFCko9+qTKiT+Xx8BCcmVy+3/AAUAnUvdlRsx4pRW7Iqb/pXb/JLVw3a3937Iyq3/ALVS46AXKcccWk7k+2yhEpZMnEeF+Qg8WLb5Tl7vwLQ+LjF8cy+QNWHmt0uX0kWQ1qePBghumrk/HbZrE1jnp8+v1MIuP08Lf90B2o4cazxUElHHGiomaahNN/fkeyPwMBqVtQ9nSAbGt1PvtgSa3uKXSdsgXHEuXtXLvkmKzZ9Di1Cj9WLdO1G+AawavLDTSUVOMf8AtTfRcAYtdKcktn1IS6dGbFa4RwznUVtl5p2iYujWFq3jlT8kVHHm8kafugLW6MvV9viUQHKW6lPl+GA+EmuP8jQUvjsqApSXHDRBG1N7ZcTRRT8qSr5AS/S9yYBRnassrNg1KmaZMiyg0wiARkUEjFUJBQEIIFQIgFFENQEjSCRUEBAFyARkCOfrPsZmjhT+5iIEoqwKsCWUXZBaYF2QU2ALZQLZRLAtBUIIwKZQLKKAoooK7MYnndx0ULmiss84lQNERdAVQFpAWkASRBdBV0RF0BaAbEqGooMAJkaZsjCss2FKYAlBIgJMAkyKKL5IHQ5ZKsb8PSEK24zTFPiVkaCLKIBTYCZyIM+SYGTLnryMGaWp57NYLjnsYNGPLYVohIBiZAQAyCFsAQJHsDVjLAyyoCUgM+XJSYVytTqXupMozrK/citGHK/citkM3ABPKAueXgDDqct2ajNc+TtmkSygkwHY5tMI6Gn1HSszYro4slowrTCRAxMio0AqaCFMCgNGFFg2Y4lDoooNIouhgm0mAWiYAkjKkyZAmc6EUp5eTSgb35G/igrXj+3YvwWIT+pa1afF9PH974VeC24jhU5Nt3z2ZVHx1wAttLr92wKV16X2EaFFqKT7X+CKTOpOov8Af3Cgql7IqFzyRiqiXEInllupLv8AyXEFjxOTrGrkBtxYnh5frye9dGbWsMW7zy2QBNtdJtgA1KMG3Ub+SoVsUn3aAZSgldL4IJV+Uig8UN3EZcPtpFG3TxUG9nj7skvH4LCtmDDjknlnyr+6Xb/BUadND1Tyt98L8fBUM3bbvt9gZlP62vvxi/5Adjl/MSf9KsBuOV3L/dyAW+t3sgJCXpVv5IByfzY83FPpBXO1mn08o7JQbdVufkBWm0H8Pj9K9UnxH2Io/wCBllaeLN9Bx+5JXbEodCDg6yTUmv648P8AclU367gv5quH+5LggL6eLJUsc+PZ9AT6MlfNEUUcmSDqStFGiPqVxX7BFSju5jxJAAnu4mlfuBH3tnw/D9wFSW5NVz5RFZ8m6PqhbrtDTBY9UpcSo1KzY1waZpkxFRLILACRiqEggFEVALAoIooiNQEjSCRUEBAFyARkCOfrPsZmjhT+5iIBmgLYFWFRMIuwqyCwirApsqhYFFBIgIgjABlAsqqCIVVBHeS4PO9KmioFqwEziVmlUGV0BKILoC6AtIKuiC6CIBa7AbABqNIIilTYGXKw1GaT5CgYFFFkFoAkRRRIrRiXKIroYl0WJWzGisU+KKyNFRAIwFyYGfJIgxZ8tIK5mbNb7NoRudhTYSA045BW7FK0QPiyArKiMgXIIBgXHsDTDosBsqFzYVi1MqiwOPkbc2VYGKIp+PgK0xlwQRzKFTycBGPNKzUSkMrKFFoIOLAfinTIOppclpGa06GJ2YqtMERTNpFwE8dkMZ542i6zgEuSo1YkVWmBpDolBoAiiARogXKJmwZ8ioxY0x5nRFY5T9dGtaNhLn57AZLUfTi5exUrnTm8uW3y5eS/UK3NUkAG3JOVRuvMgGRwS/qaa9iBihCEd7VUQIyZHkdR4Xl+4UqU4x75oqET1HPPL8GsTS/pqdybkku+LoqHYMG/7G9vu12QbYRjjVQ/d0ZqrtRXuyKz5dRt4XZQvHuk90n30ghjxuTUmvTXQ0R8cY1+4C24xvdNX/cIicGvVZVNjJJLhv8AcDZhnuyRhx/+KXCKNKySzZFUtuOqiv8A1LqYfDUqSaXEeo/heQK1Goaj6X6n59ioHDNRxzcPFJ/lsgY8nqlXl0Fad6il/cqEqblBK/udslU36sbS7rpAE98lbdLwioRlisajue5t8pkU9bfpuu2Bnb+lJPt+V7oimye2G6Ki4PphAKXHC2v+6ZLFZtqcm8EvpZO3D+mRFHi/UNsvp6iLxy/wyK1RlGXMJfsASzPE/XFpe5dTDoThl9UXyVPisuPdyuJEsWUCbacZ8tALyJxqSIFt83QVlz40nuikk/8ADAZpc7U/pz+5f5Nys2OhGVorKwi7AFmaKJiqGCDBBggFDBTGCFFo0gkyoKwIAEgEZAjnaz7GZquDP7mWIEIFlA2FWUWiC0BZEQKFlAsogFogJEEAFlAsqhKIBAjvw5PO9Jn07KgXAIVkgVKzNUwylEEoC6KJRBaAKiCFEoiLXYU2IQ1GhGyKTkfAVlysNMz7IKKKAsCJAGiKZBEVswQ5MtOhigbjNrVCJXOnJFQVBEooCQCZsgx5p0iK5mpydlgwy5ZoRIBsCK0YwNmJk1WmIBBECBkmADTCLinZBph0agOioCaAx6iNxZFcfLGsjK1FRRGjYoKZEGI2wYRNlRnmWM0p9mmFFFgWmA2D5COhpJ9GK1HWwsxWo24zLRyAtogVOACXjKzRQ4NI0QkUNiyhiZQaYRZRYASIEZVwYsajnZ+DDUYZP1lbMTpthKRmnKTpPg0wXFpNNvoqGKMG7SXIVfpj54ILjKNX/wAgLyeuk+iKz5ZbU1FFTWPI23VpFQKxxXLb5+Co04caUtyTb+WNMa4tS4fpf/b0ZrSSi4q1z8rwQZMuZv047fuwBhg/qyP9kUPXDuqQQGXMq5fAGaWSU+N1IqLjBd/5Y1Vub6xrn3Aibj5cpMDdpotYZzf3baAdln9PAnfql6V8e4UxSWPi+kkNQmWb6qkr65jXkujVpZqOl5/q5LETHN/Up+It/wByKdny8OnwqQAfU9NJ80TVPxy2pNdvyzTLW5qMEl2VHN1GT/qIScuLf7/+xFaNLltSvl9kUrLPfc4u7dV7AHp8zhGN8qXgEDnx5pS36dxkv9j/APRk3/VD/DvUQqV45fdB+YsIRDNNr6WtxrfdJ+JfKFk/iyinhyQW/TzbrpeTKmYP1GceM0L+UNhjbizYMrUoS2y+AY1KSlxfJpMBNX2ufcgqLT9N0/ZgLy4uN0V14QGZxhktN1L2Ji6VmxJJOL9UemVGvDk3RTs0yenaKiWERsgoiqAllEsgqwIBQFFRaZQSZQSYRdgDJgIyAc7W/YzNHAn97LECyoFhVFEAsgsCyCmUUwBKLQFogNEEYAsqls0KAgECO/A4PS0x6CKkihORcESsk16isKoglAXRRKILSAugLoCiC12A2CAclwUVJBWfKFY8jIpLAoogEQDEiKtRJqnYocozqxvwQLCt+ONG4xWiKKzTEVlYFMoXNkGbKyKwamdJkVy8rtmgqgLSAbBEU/GuSarViRBqh0UGkEXRWV0VFOPwBW3kB8EIg9pQEogZ8sbTIrj6rHUytQqKI2bFEUaAGQCJlQiZqM0l9mmFFRACQBxA2aaVMzVjsaaVpHOtx0MT4MtHxIDApxKhU4hCW6ZpBxmA2ORe5VMWQJhkZl0wakVMFZUC2RSsnRKsYNRExjTnzVTI2GcuKXbDNIyTjDi+isk/Xxx7dmhf17+1Oi4mrxzeSVNdfIw0zdu4X2r/ACRS9Rm2yaT5/wCBgwzcpSfgqKhBt+lWwjXh0/Hq5JqtKxrbXSJqqlJQVWkQL3tvhtfgAknLmSr5aAknBK00vmwM82pS4m38lQtaeD9U8kn+xQf08cV/V/YCnjUlbk0iC6wx4tv4sC1NRVY4JAatM5uOTH3JxtL5QUGV/VyYcSd7XU/z2VEzZX9SST5toikyyVWx1XkRG2eV/Sjs+L+Cg9yjKUo/1JJEVPqKS/dsWkiYZ7szXiqBT1kX1scb/wDiNI0PLbruio5urypZ0n7WBs0kvVF+6pmWhfS25FJfau+Qgc2PJkaWNpQ817exYG6XHOORxkvQl2/cg2xqWRbu/DCkZdOp5o9cPp+QgXpZRzKcJPa1Tj4/JFBPFGcueJ+1kxdZp6eUZXBtS/8Angi6PFrcuNqOVWvcaY6ODUwyrs0lh0ownH2+UGQfTklaluKEZse7lRqfyiKz3uTUrpf3RBeni4Nq21fDNSlaovg0yNBldASgJQwU0MFUTBVDBdFwU0MAvgorcBe4C1IC9wFNgLmBi1Md0WjFXHA1GJxmxzUsIZtlQEoCUBRRZBYEAgFUURIgtAEiCMAWVQM0BAgF0B6GCOD0NEVwEVIoRk6IlZJdlYUQXQRZVSiCAEQQCgLS5AfjiWBpQEiKzZWRWLI+QpbAoougCSIpsI2QOhjMqfjx8kabMUaNRmteOJ0Yp8UVkVFRAKYCsjIMmaRFczUz7IrDLsqqSCCSCmwRnVPxrkitWOIMaIIB0UaZM2FZWsZpEeMuIr6ZMDIQAOSooVIDPkIrmauPIbjKkRoaIogoZAKkioTOJWaTOJqViwuiosqLQBxCH4pU0RXU0mUx1G+a6uCdo5ujXB2QGgi6NIGSCM2WNFRnlOgK+tXkjQ45yqfjzDUxqhOzUTDEyolhAy6Ay548GbF1zc0VF2zNjcrHmybFf9TES1z8knJ9lQtJRfq5NIcpuVVH+5dTD4LbFry+yVUnKoqKTAqeBzncm+eSAlo1J258AOhp4xjw4qiKZsUOWuCBeSUnwoyr4CgWJLmSX7hE3xXXICMmVlCm3PvoqLjGuVH9yCOTXcqAG23a4+ZdlFOXhW2AUYJfd37EBx+7jx2FO003/FQrq7ssQ7HGP1smVKmncl7MDFKTlzzbZBLTnGEea7KGrI9938kU6c/5EVD3p/AAp1UU/HJBUMrinJd3wUPWT/rovxXZpGpzUZyk+lfHuEcXJk+rJyk/U22FdLQ5t21fsRXRnLiMvHkCRzxjk27XJPm/BUaYSjNUnS6CCyzhFxxt0/Aw1Slultk1w+CNYcuVfn3KjLn08ZRytpq+bRBix5bjU25xX9SXK/JFN+mskLg1kj/lEsWUr6MVL0OUWZxrWnHmzYopTW+Px2hpmteLNDKvTLn2ZuMWDadf7kEZs2GM6lFuMkFJgpY5VJcMQp8TbBsSoYlwVEAKgBaABoiqAugiNFCp8ECJSphVfUCr+oASyAXvIoZSAz5eURXO1GJOzJY5uTE4y6NSsWA2Maym0aKougWiiwLAlASgKoCJAWARBKAFoqgaKBooPHjcmS1ZGxaXjoz+msdKDtnN2Pi+AipMIz5GErM+ysIQWBdASiiUQFRBAKAKK5INMFSNC2AubI0yZmFZJvkAQKKCSIGQjbIrTjgRTox5IrRjiQascTpGa0wRtimpFZFRRVBAyCs+VkGHPKkzKuXnlbDTM2BcQDSMqbFGVOx9kGzF0FPgio0QRqIfGJqMDUDcZq9hUC4EEqgoJgJmyKz5JEVz9S7YbjMRpYEsKgAMICSKhM4lZpUkajNCaZRAEghsWFbNPOmjFajr6efCOVdY6GKRlWiJqM0VGmFNFCMkeAMGfhkIy7uSNmRkFPxy5A2YplRoi7NM01IrKmgjPlQVydXOK3SfSZitRyalqMrlJ1DyVCslOTa4XgBe6N8lBQ3OX3cAaYqXb/YgvZU9zdyfS9gG+pRqr/IDI8L1BQvNCLuML+SCKU5uurAuku+ZfBAvJkpc9AZ3Kc+kkigYwj32/cqI2o/IFPI26S4GAXFKqe4Cqb76AKKrrj5AjdcICSeyFLt9kB6TIo5oxbr59jQ15t2LLPJF1x/cgzQywbclUZNU4v7X/wCBho/oLe5YndL7X2v/ACQJqW7a1XPNhToPbK74S5AFSvJfmmEBv5X5QinOb/ip7n1LgtQ3Nk/1H8BXOg+XwEatNk25X8qyK7UZqWFP35AqMknTVUAeLIlOEV0+TSFZMrnkbkqaf+AKlqG9XFJ1L29wN+DOnF26+DKnWnHvsupY5WTTyhmcsbpeY+V+PgixcZ/1Q/drsauNMZRzRp05f2CKanjW6PqXs+0RS3kjLmqkvKMtH4dVSSm7LKl5ad0ckbq0aZwDjSabte4QKjXRuVKZErJqKi0gCAGSAWyKoCyiMITk6AxZp0yKT9Ve4aT6oBRygMWQircyBc3ZFJnGyUZcuJPwYrNIeKhrkF4ihcsRuKXLGaFfTKLWMgv6YE+mBf0wK2FFOIEoglAVRQLiFUoclG7S4eVwY6rfMdFYlRh0wnGRpoT4KgJMIzzYZpRWVogtAWUXQEogsCEFAHjXJA9GhTZGipsgyZpchWaRVUgiFBpAOxowrVBDDTYouGnwQw1pgbkYtaIGkNRUEkBKKFzIrLmIObqZcMjTmZHbIF0AaRFEiUNiZU2HZKrXhZlWqBpGnGjUZrRBHSMUxI1GRbSoFoBcgpE5EVmySIsZcsyNSMWSVsjRQVVgVZTUsIjYASYQuQQqRpmls0iFQSCDiwrVp3ckYrUdbTvhHKusdLCzKtcDcYplG2FNFCsi4JiOfqY8Mlixgr1GXSHRQaNgBqxFRsx9FjFOXRplGEZdVLZjcv7Eqx5zXZtzUE/lsisqlcFFcIBU018gDHFb9T79ijRCEY8Rr8sB9V2+ACjKDdIC9/qogpRlN8BTo4VHl8koXkyKNpV8smKRKUpct0uyoT9SKb2rcy4Bkn92WX7IIpzlKNQVICQW1+vrygDzx2uNfa1xRFLr0p9fLKi1cvwQDKVcLllFxW1XLtkAbnKdo0GKMUu1GT/sQbdPk+rj+jmXwm/6kBkyaeWPK/NPhAxdyhiv3l0AePK5yqStJeeSC5zhVbVy/DADcuXt8AJcrko9eeCwaJcv6q6ml/cUVlnxMisqbpsqGwlUlIK7OCd4K9jKlPUcpV2AcMl5uO0igZTlujJv3TQC071Kl4ommNWOT29/LGrhuk1bjJQm20+fwX6y1uMNRHupeGgMGfDkwtzj3Hlr3RFVjnHOvTJq/btMvww7DnnezK+f91d/kIJ05VdS8Mihnibdw7X9JLFlVizSxSakmiSrY2486n+TTOGUpU0v2NRmrj2ajJqNIsCeQiMKXIihAIIFsoTlfpCORrc2wy1GH+J+Sqtaj5AZDOA6Gb5Ip8clkUW6yKF8koCUbOdYpUsZHOheMqAljOkAfRcnSRto/HoLXqM2tSNEf06PsTauKl+nLwTaYz5NFKHgs6ZvJLxV4NxkDgUC8YAuAAuAFbQJtAKELkFdHT46SOdrry2bTLbFjCmbioCUgzSJMrNCRFoAkBZRYEogsCEEqwGQVEUdhQSkAjJIiss3ZQplEiXEXRcDIolU2KJg0Y2XE05M1iabCQxNPhIuJrRBlQ6LKGoC2FJmRWTP0FcrVPlmWmCXLIIkBdEVEQMizNDoGVacRGmzGyxGrEajNaYI6xzpqRtldFAyCEZGRWTLOiNRjy5a8mWpGLJk3MjchTIoJMqAbKgWypqbgmpuBoWwFtgBJmozS2ysrKLQBJgatK/UjHTXLsYOUjjXWOngiJC1tgjpI52mUbZCwFTCMWoVoYrF9PkmNymKBnGtGo0RT8QGvGWM01M0wjYHN/VMyhFK+I8szVjzU8ks2aT7XlgHGoxuXQCMmVSldIoDc/6WA/FJR75k/wDBAyMd79cn8JFDoKMI0lbvyA1Q3+t8LyiAp5VGNLpEUiWTJkvml/wAqTSXpt+zZRTg9reR7U/7gKc64xx/cCLH5k3Y1EnPbwgpe5yCN+DHHU6f6a9ORcxXuRYzLG1JxyceK9gFTlJy2RXK7KiKKgrl37EANuXPuWA1UV/6ALlK/IQyE2saXi7plGzDqI54/Tyq3H7WBT2zTju8+SKUoqEXTIFS5l2Batbee2ULX3ylfXCKNWH14Nnlv0/klCZSv+5AoA4O1+5VdHTZNsX5TRmqz5Mu7MlzwwHY8tTbdfuAUZxlucfHLFF4Z3UaSS8+5KNmODcfl8BV5MHMq44oqF6bUPFGUcjW1OlFd0a+sun6csVffv7mVcnJpZabM9rpdr4/9gp+9TUd/pk/IDVx6Zq76ZRN303TuUfD9iaLypZsalxaJV+ERcotbXwvBNxfrZg1CycN1I1KzY0xd8m5WLDIyNIuwImBLCFzkStQClyQwW40gXIBGWXDKmOD+oSbyNI5yt56c62jaCUgDjMB0cgD4ZSK0QyWjLRqdmaLMVlTiRiwLiVhSx2ahGnBp/NG9dJGzHh+CKfHGgqPGvYYFZMKa6IMGo03wJcSxhnjcXR1l1iwDgaZC4AA4jALiRQ7SBmGNyFWOjhVJHKu0aDLTAuEVUbKzS5TDNKbsrK0BaIDQFoqLCoQQCwCSMqIgjYaLnIgzZJFUiTKFs1GVo3iDSCGRMrpkRhpsWbkZtGpmpGdHGZcZ/R8MhMXWrHMYa0Y5BdPUuAqOQUmciKx558MiuPqp22GmUmIuyYqWTBLM4o4syHwZKrTiZlpsxiI1YmaiVrgdo501G2FlATCMuaVIlVz8+Sr5M1uOflyWzLpCXIgByLhoGy4zoHI0mgcioHcGU3BdC5kAuRQDZUUVFgWBaA16btHPpvl3NHBtI55rprrYYUkbkc7WmKo2yMqBYCplxGXKrNYEfT5JiyiUCWNaJQMWNSijFpmMa1ox9FkZtNs0ypvgg8/+u5rccUXzLlkVyklBJIAc093C6QCow4soKMOU+gDg0n7/JAcZLdzL9ijRD3aogP6rvl8ewA+nunJ+wVfq2pOkvkBc8qjagrfuyYFU5Jym/JRVc1FEASl4XL9yitjbCDjjS+WRTYZXp2m3815CNWTDj/UYbsc1HKv/wDr8/I+KRLG4x+nKNZo9L3J9GGXrly6SNIl11+wAt3YArllQb5tLxRFXe1VHsoe/XFW6n7kC5zdUAtJtt9gHJ1XwgAfpRUPTcMCp8rkihyetqcf/wBl7MBLfLXkAsYGzBJKNv2M1oi7y2Axxc91OuREXiTjKSf+1gN03EeSVqOgsjTTj2gHw1Ct7l17lQOTBh1H3wqS5TTKChL6LSvcn5CHTgs0HCTp/wBMiDBPHkwOUMi3Q7UkvJQeDMklbUovomK1KEcnMHTrle4FwhFJ135QCs+KnvgyBUZJu0RWnBn8Nm5UsbIyvlGtYMRRdADJUBnySM2tSFqQBbioGUymM2XJwxaSORqVuk2ZaxgmqZYzQWaZEmFMjIBsJEVoxy5IrXjdmKpqM1KKiMULVlxk3FjtmsWNuPHSK00RiFMUSovaALgMCcuNNExXP1Gn8pCeksYZQpnaOdmAcSsgcQAcSKBoimYlTM1qN2Po511h1mVYa4CgnZWaRKRphSCDQVaIDiARUWFQggFpAGjKrIoZMikZJUFZpyKFNlRRuM1a7OmM6OIxNMRMXRIYmjTNSM2puNyMCUioZCYGrFkJiytWPITG4esnAaR5CKRkyGWmHU5aTLg5WbJci4FpkwXZMULkTDUvkzgOMjNjR8JGLFasMujFabcbEGnGzUStmNnXlyp0TcZW2VC5sDFqJUmSrHI1WXmiV0jG5GVA5FwA5FTQuRWdA2VA9lRTQQLABsKqwiiiAWBaAJIDo6HE5SRzrUeh0mOkhItroQ6NsGJgXYFNlQqbNSITJWaxEUAq9hF1agYsa0W3gmLqLgmJorGAMkvSTB5bX5N+rnNu/Yy0yJ2mwKXMgL4XL/JRK4vkgibrbFflgMjFQ75kwD+pxyAzHB1unx7IoN5EpVFUvcAJKeS74RANRX2rcwqnYAvqnz70EUoc8IKNY0lcnwQBLIl9vAwAouX7gMjleCnB8/AGr/8AyODOlj1OJt+HHtFw1c9Lp9R6sOdOXvLv9yexizaPPjlzBte65GmEfSm+dkq/BdRccU7+1oaYKOPbB2yaItq4XLKAlJv45AN+qvdADBdoCTfqoCperIl4AZKVtR8ALx5HDLa5T4a9wCzYtst8eYP/AB8AVjdoB0H/AC1+DLQILm37lQyONupeCKOFqVNUwH4lSSMq2wS7ZQ3bjkqpFQcWox2rl/PQGbNqIwmornywNmDIskV+ADmm++UEZJ4FHtJp9ezKCxN4lak1FeGBrUo5Enw78ogqUHHv7X5CsmXG8WS69MiKTf0s1SvbLp+zEG7T5WvRLv39zSVuxStGoyYVAy6Cs2VcmK1CGwKcigJSGmMuafgmrIw5ugrFkRYzSH2bYWgg0FMgyDRjfJGmzEzKtESAiYxRRXJqRmtWJG8GzGuC4p0UMBJEwRqgKZFLkiKz5IpoDnajFVtF59M2Mcuzq5BkULkZAMirxumZrUbMcjnXWHWTGtJUOCKGWPg1Gay5MdM3jmXVEwEiKJEBxAIqLAhFWBaIDRFU2FLkyYM2Rlw0iTLhoLNYaiNyMWiSNxi0cS4mjRMXRDDUsrNSzTK7AKLAbDJRpWiGeiY1Kes3HZnGoqWZe5MajPl1CS7GK52o1F9MuDG5Wy4atSJipuJhqnIYJZMBxZixToM52NRqxSMWNNuKXBnFaccuQjbikdeXOtCfB0jC2yoVklwBz9VPhkWOLnnc2RuM7kMNA5FxNA5FNC2GUXJRYRTAFoAHEAWgKoogFoAkgG4o3IlV2/0/GkjCuxh4Rtlqiyg0wi2wFykakQuUjcjKkUGjKiojS0QQiqZBQwZtbk+lp5y+CX4R5DLNzk+fJzbW+IpLyAWNc/CAJxe74AF8vsA4tJelWBTdAFF+aVfkB6tq5NfmyoH6kFJ+WFW5trtIAJNrxYFRhKcuLZAexRfP+CaqtyV7V+4C5O/ubfwBFG+ZPagKnOKjxwvbywEOTl0qKi4w28LvywLb2/8AzsKv+JyR6lJL2sIp6nK+5sYKllm132MA7nJO3wBXXPTZRceZW+kQXdsA1JJW+l5IF21c3+xoXDq2QTdw5eX0AK4kUN+ptSbVqXDXuQXsUY74O4f8fkKidRoipH1SoB6e3tKiAYyvJfSTFGzFBylw/kyp1yUvtaXv4AkpqPPb9igVn3elvvpoDKpKeVqTt/PDKjZpMri9qfXQHRx5E5fDQBbFL0tXEDLnw59MnLD/ADYf7X2kXf8AUIw6jC+YJ4n5j4/sBsx6lKNqacGRR/WhNfTyRVPpoejCdRpVLbUk+eLJhqsmOagpxT3wKNmkzfUin+zRqJWyiopoBOVWjNajHLhgLkwpcmRYzZWRpkyuwjJkNxmkS7NxzqIIYkFMiiB0VTI014WRWqPRAaGJRxNRitOI0jXjKp0QCsgpslWBsihkyBMwrHnVljNc7MtsjpHOlNmmQSZFLkQSHZLNWXGvET8tfpoL+T9CUTg7VUo8GozWbNDg1GKyTVFxAKRlTEyBkSKMogFgQgtAERVNjDSZs1Ims82akTSJFxdCMTVo3IxaNI1GdGioJEXVhNQCWVEAm6itSJvKuJ9WguL/AIlryFDPWP3Jis2TUOXkKS5NhVAQCwIMERMBJmbFOgzFitOORm8ta14pGLy1rVjkYsVtwyNRzrSpcHSMI5FQrJIDm6ufDCuPllywpEpFTS3IqBbCIgCQBpARw9gK2kAuJQLiADiANAWkUGkBo0y9ZmrHZ0fCoQrp42aZPjIoZuCBlkryakSlPJZuRFbigkwGRZmqKzKrsglkVLAoDi/reo42K2oq3+TPSxwMsds1HzXJhtTdsg0Y16bb/IAzk2rAVvfSaKGKfpIBb+AKU64RQyMpTdWAyOOlbfIBxhGu9oBpQjy3u/IVU81qo9fBMAU5dJsgJQ5dsBc5Qxdcy/wAmU5N2+X4+ChdOT5tsIbGPF/2ChlKlUQAfC5dsAf2Ki12QR+p14QFr8cICpcsC1xHntgSKsC58tRRIBXqlS6RoFJ8UiAWuUvCAuS6YBSXoX5IooSeOPHntPyATgprdDrzHyiKHGny/cUFJ0qICxoo24pVGk3b7oy0J5muEmwhWTNUH7lGdZpPupfPkqGTqU1JSqb5oCYszUXO+YgdbBJZYRcH3yvgDZinv5XD8oB0H4aKjPqdBHLk3wqMvINc+WmzabI5JJ439yoijUlt45Xaoim48m5U7a9mNSxqx1Sq2vZmkBiUcOpaVpS/sIrenzyaZWyhWTozVjHk4ZFKYASiRqM2WDMtMeRUUrLkNRis8uzcc6uJUMSCmR7AfAzWo04iNRpgyBiKzTII1Ga04kbkZaoAMTCrsgFszVitxlpTZAuTCs+RWIzWDUY7ZuVmxjmnF8m5XOwtsoFqyAoRpm5GLWrGzWM6dZcP0ceJ7VS6NRms+U0zWDLwaZIUuTNiwyMiYpsZEDYvgirAsCyCEEsoqTNSITNm5GbSJmsTSWMNCXDRIqWjiVgSKCQEIIBQEbKsC2VsLkGpC5TC4XKYANgSyKoCAWBCiwIQEgGRZMU6EjNitOOZi8ta14pmLFbsEiYzWqL4NMrbCM+aXARy9XPwVXMyssRnkyoBsCgCCjiiBiQFpBEceAAcQqtoAyiELcSiJFBpAP0/EzNV1dO6ZZCt+OZplojkKLeU1IzSpZLNRAqRQSkAamAxTIC3kVe8yq9xBNxFRzqLYHC/UFv1Nbb5SZi/Wo5Wsht1M1VOzLRcI3JJEGhd7V+4A/1erooCWCn6egLUaX+SAHyAC7sobB7eWA+OTcuG1+AgrS7v9wqqv2Io4wt0rQElKEeE7fsiBU8r6Vbv+ChL493L5AFJt8sBsI8Nv7UQwE52wAv+5QNX2BfQRaUX02vyiiJc8UQW1S7AGKuVvoCpW37FB/ZDj9iKCXpVf1MIKKpAV1z/AGCqh9yCDkuFfuFW/tRBKuq5Au5bklx+CKe3BrmlL3IFSi1Llc+5Q7HjtXaV+5Fw1Jx/qAuUo9v/AAAqTVcRXIGeV9dfgoik4v8AYIvH9k18Abf07M4x231yhVdfFJOKldNeQjVCTq+P28hDLT77KIvtp8gIyafFJtqNP4IulLSxi7g/2Jho4Jxb4NQTKupxXK7A045XBOzUZo2yhc2RWXL2ZUtKyojjwRSckLGLrDnx0RphyLksZpDXJ0jnUjFhDY45exFHGD9hqnQi0RY0wI0fEgNFiU6BuMVoxs1GWiEjQZuIK3BQymYrUBvMNrUrIiPkgXNcBGTLHk1KjLmhaNRmxilFp0dJ7c76FGJuRztNUTcjFpkVRcZ0wuGj3nz30UlLg6Ris+WRqM1gzS7KjLu5JQyMjKnwkRT4MgMirAsgoghYBkdIxSpm5GaTM2zpLIuqAiKhiKgkEWFWBRBCqFsrUgGw1C5MNFtgDZBQEAgVAiBVgWURAEgCTAZFjFPhIziteGXKMdRqOjgfBjGa1RYZW3wQZsz4YRydTL1MqufkfJYzSWUDQ1cWok1cEok1cMihpgwiFQaVgTYBTgAqUaAW0VFUUEkAzFxIg6GGZqQ1shkLiHRmaRbkaiKsqLTAvcBamASmRRfUMi95FT6hlRxnYBbgMWTG9znV3JNmVcf9Vgo62XyrMX61PhGLiLl5fRFRN+AJJ21QF7nRQuUnyQDapv3KJFeWBOJyrnagNGPrpRivAQym3SsKtpR+5tfC8kASlJ9UkFDtk1S68sBb9H21fuAMVufPIDIwTdt8ADly7uI9ExS+ufJUVfwBJPnoCrKL6VEFpUuewKfIFpuqiuQiJKCt8sKnS3S79gKirdsC27tEA9tUUFCPqV+40G1wQVLxQVXS47ICitqt9hU7dsI0YU/PMfZkVoUIT+ALeH2aa/IAyxxUXbt+EgpTiuiBM4tMqApcXyUHFt3fCfhBF4JbZ3+wHU02ppPzXDXugrVDJ9OVwfpfO0ajXiyKUbAYnxadoCOSfaAjgq4CB+mBPpXV8IobGMUuEVF0jSBpdDDScmG+UPyaX9NomLqOJFLnEGsmox3EliyuXmjyWFLhhc5G4xXQ0+ijxaLiN2PRRroYaKWhjXRnF1nyaTb4JjUpf09plocQGRLEp0EbjFPijUQyJoGALZKoGzFaiGcUSICCKa4GDPmh5IM00aRmyQ5OnLl2GMaO8ee0xRNMWrqipq7AzLPb7PBj6Vpjy8HSRztIyTsqayZnwEZG+QpkJED4SM1WjGyVT0ZVYFkFEELAMjpGKVM6RikSNMlSKoSKtFQaCDQRYVCCWFC2VYFsrcLkw0XJgA2QUBQEAgFgQKsCAWUXYFpgHFlDISCteCXKM2LHVwv0o54laFIjK3IgRmfBBxtTL1MDHPkqB2jWpFqBNawSgZ1cTaNXBJDUxCouKsqHRiEMULCJKACJ4wEOFM0iKNgFtKi48MDTjdGojTCZoaISKg7KJYRdlFbgCTICRKokZqrMqpEBxdAG2AXGyV9Aed/U2pamNdtWzHTcIcuEvBlQOXHsBeLmXPZRJPbJ0ADl3RAPXfRRJSvheSBmGC89IqHqabqltQUyMorgAnVc8v5ZADfDdIikzlL8lAxpr1oAvFKkgAnJtbV15YC20uF2BXPkCLsC+bfVAUrb4AL5ApK3yBbSvlgRul1wQVFXK3y/+Ci2ueQKbvhf3AF8ul0AajRFGlzbArtAD5vyQWuH8hVtc88sBkI+WQw1P2QUdtqiAkq8gWuOaAGUUnx0wAlHim0ELcVFcVfuUCu1GPX/ACVBQVMKbim1JsDdhypRqX7fgIfHI8Uu+GRT1kpb4/ugHRyxkuXQB1auLoqK+pKPmwiRze5oHvT6ZYiWaQEpNPuwGw9aNs0Wwlhpc4GLGpSJRIrNnj6WKRy8kLkxFp2nxfBuMulgxlZbIQ4AZs4AXkwprolisObDtZzsblZ3GmRoUOzUZrTjOkYp8UaQaQVTZFA2RVGVSwCTICsgsIDIriKrHNUxCkyR05cewJcnePL0NI2wtrgIADl422zxPpH2ajFBJFGbLYGZoCLhgPgzNVpxyM1WiDIGIioQUQQsKCR0jFKmdIzSZGowVIqhILRQSYBoIsCEFNhQtlagJMNQuTK0BgCyCgIQQogEAsKgRYVALKIBaYBxZRowzplV2NNO4I52JWlMyi7M0Ky9Myrj6hNzZNXCNg0xFAmtYNQJq4vYTWsU4gVRQLKzYOCKy0RRWTYxCJKICpxAzziVEjj4KC+m6KgNlMKZDg1GTsb5No0wYDNxRVgRyCKUgGxYUxGQSM1VkVCCAE2FDmnWGS9+APO6iW7POT7ujnWwbqIBvpsBkZKPqaook1fPxZAnsoGT5oAsa3dgHOf/ANuH7sC8dN3/AEoAnk59KpgLlNp1fIFwyTvl8AU80/dL9iYo8bnLuSAOUkuFz8kUL65f4AFwXgGK2NDTFJUEU9r8FFqKir9wIBK92QxOvAVTuT54Au1FBFVffAVKvwQwSiFE6VAUm3yyovogqvfgirUX4QBqNEUaXAUyMQDivLANKgiwoH3wwhc+e+GAuUN3Tt/BUFjxNLc00AElLniixE3JOK647A0wbcLq+SVWpOOTBt7VcfABYpzxra3YD4y44Vx9wHQdU4SaA0RmpL1x590VMElGXCZUU8fxwWIlOHymbiDlBSjx4N4yrFccjXihCnMqAkSjNlVHPG4zZH6Wu0KMjxJtuP8AYkU3DA2y34Y9FRrhHgBiiBUogZs2NNGbGo5+aG1mK3KXHs1ErRjZuMHxZpBhVNGa1AOJNULtAVuKLUuTOIPcQWmBJMKz5I8kKzzVHXlx7L8nePJ0ZE2wkggKIOZCNHhfUNo0wtY9w1cBkxqgMuTHRdGdqmVkeMlVqxmRpgTFNRKIZVAIywA0ajNJmjpGKTI3GS2UAQQAkUGgi7AhFUwoWytQuTDRbZVAyKoIhBAIBAIUWFQCwIBAIBaKDTAZB8mh1NHk9NEo3Rkc6grMVQT5RirI52eHqZz1vCdg1cXsKYJRCptIoWgAaACuSxmmQiaYrRBFQ5IqI0EJmgAWOyoOOI0g/pcdALniAVtosFwfJuMtEHwUMsorcALmBSlyEaMbJVOizKjRARlUoCBVECdRKsMmxVjz+V3I5tJHl/AB7XFdWgB+jOXLiwCUWo1JNUUKpK0AHTsBkajG/IC1zx79sA20ltRBW7a//UBTk32yhkOWrsKKop9ckUSfhKiBkb88oimOFu6AvYkFX9JPzZALxKuigPpK+iGI4r+xUxW1ewFOIA7QJtRUVRFxOPYotP2IalSfkIuMGXQaxtJcEXFrE7Jq4NYUuyLglAAlAAlCiC1EA1G3yUWwBlxyAD/IAtrz/YIppPmK5KgcmSSXmkArmbTfCRUXNbuY/hfBRtw8VF+URRO8M+eE3/ZkDvvVrsAoTThcXVeUVDo5E/K+KAep/P8A7EBqd98fJQxZJ+/BUX9TmmrXuiypglONVF8o6TpmxIKpRfw7NRKbJlQEmBnyvgxWoyTMqVVSsRT8cb5RplswlRrh0AxIgqSATkiFYc8DNjUY2qkIp2Nm4y0QZpDUKLoxW4pxMqXOJRnm6LqA3lQayEDYSsgYlZFDKFhGXNCjfLn0y7vUejn48Xf0xM2xRMIogwqB4H1sEoF1MNjD0gxTxX2FJy4VRUYM2OmaYxWNckq41Y4kVojEhhi4CIzKqILSsC9huMlTgbjNZckaNxilM0gGRVAWigkwggqEFMLAMrULYbgGALAoggVQRYEAhVQCwIBYEAgEKCQDYMo3aVlo6UHwcqGIxVDJcHOrGTLHk5V0hO0qpQF0VVMgFooFxLjNodnJYzTIQNM0+ESsmpAVJBC3G2AyOPg1EMhjKgnDgBU4AZZxKFR+41EPizSDsoFsBUpEFKYGrDLhEo0xfBlTIkUxdEFgSgAaCk51uxSXujNWPOTf81/BhoeOl2Bqx5YuNJq/kKHI2uUmAr6jbptlQGRU+OQAUbArJIkVUevyVFJ+q/kCpPn8BQ9yCGQ+9WRo3ZUmRTIQ/uyDTjw8WwrTDCvKAYsSfgCnpovwgFS0y8X/AHAD+Hr+pkUqWCV8MAXhfkCniS9wmBcOSmK2N+AYn037Ii4v6N9gwSxL2AvYkQElxwUXVvjpAglEgLaBdARRIolEqJtCiCKoKpoAHEiAcAAaoqFyT8clQHNdpv5Kh2JJIA4yttp8p+pAbJbckKffRFLwTcJbJfswDT2ZdsvtkEL1ClinGUbp8WUaNNnbit/T8kXG6CuNJ2jTI8cqdPx2jUQ6o1dJGsTQSimuvkhqsW6ORJyVF5vsp050dXMmWQlVnyTsxWoS3bIq6AbjRUa8fBRpgwhsWBbIFziBkzRCufmjUjLSoSNxK0QkaRpgzNWDRitCoKVkiQYc6aLKrPvNMosgRsweog2RhwMNE8YxNZdTj9DDN+ORJ1Nnq5+PD39MjI25mpkRAMyR859kyMbGodGPBRUkaRnyArDmVs0yVFcga8SIrVBEBuFhMA40SgTIZjjaLAzYbjIJ4zUZZM2M1GaxyRtkDChIIUEmAQEIKZWoBhothoDChZEUFQIgFgQCBUKLAgEAgEAgBIBkWaGzSy9RR08btHOhqZzqo2YqwjIjlXWENEVRRTYA2BaVmmbRbLLjNq1ArI1A0hkYhB0EC0UVGPIDox4Kh0IFRbjwAjJGgMuSPAGT+o3EOiaQQASYCZsgFPkK1YZcIg1RkSqdFmVMTJpgkwq7LqBbIM+qlswTl8Eqx5xq8jMNDiua8FBcQ5XBBUdRLdVcMuBk8W9bok+KBLhpU/z2ioDrpkC27fIEsCkVQvsIKK7YUyEejLUaowcpceTKtUMFcefIGnHjS6RQ1RAJIC6RUC4oiluPIAOBFC4AA4FAPH8EE+mFTYQTYUVtIinECNexQSiQEkFXQFpAXQF0ESgJQE6CoEU0QLlFsBbXBQpqvJWQOUV2yifVpKlSsIkpbMsckfPD/JUb4yU17STMtL2qWO12mxRK+pD/ALlyIHY9uWDx5EqZRUMLg9vdMg3RtfBtgxyaadJvyUHu3cI0i5Wk7qyoXGMpz3PhLr5Jm3VTNKkdNYxllkZLVwvdZlRxRFHQDIBGiDKNEGVDYgGQVJAIyxtAc7Uw4JWozLgsKdjZpGvGyVqHxRhRpAVKJBlzYlJGWmDLpnbostQh4pxl0alTHQ0kaXJtmuhFcBkVFCc8biyWI4GqWzKzt4/jyeX6GEjo4HxfABAJSPmvtGRQDo8I1EVNoqMeaRqJWDJLkrKoO2KrXi6MjTBhTUQRxsgCUCIbhjwXlKcoHRhUoAZs2O0ajNczLHbJm2CJFUJBALRQSAsAWGoBkahbK0BhVMiKAgEAgFhUAgRCqsCAQCAQC0AcWUasEqkjQ6WKXBmwOUjlY0tsxVheR8HKtwhkaC2ADYEjyaZp0YmpGbTFEuM6NQKzo1EC9pUXQAtAXGPID4RKh8Y8FRJRAzZV2Biy8WBjX3G4hsejSCACYCJkUCINOFkXGuDM1rDosyuGpgwSZNMXZdMC2DGfVrdgkvglI4WzbJtkWhb4tAVGMp9tgMUElx3QDI3jUefyAeSKabRFZZPhgJZUW+kFQCq54AZjhulXglWNWPH7Iy016bHdv5INUUuvJQ2MaANAQCAVQAtAVQAuPAUO0AXEgjiBTiBW3gAWiKFxtlRaiQXtCroCAWkBYRYE8AUBGgKAugKaIFyiBmyLkqUiS5NIpvjnphDIwc4/jsI0YJ7otrsjRmKVbvZ8lFwnT48PkgJp7ri68r5EGzBkjlUd6pryUbNraXTXuisAdsoZj/0+eDUSjtJcLlmkStqoBGZNhcZpxZAMY8lQ2KIDAOIDIMo0QkVD4sBiYEZAuasoyZ4WmSjC8dMRpUeGWDXiYo0RZhTEwIyKVMikyjYAfTVlgfigkbjFaUisoVC8vTKlee/Uf9Y6cPL5icZ0edpgFGApHzH2zYlRblRUBOfBYjDnyJeTcZrBkyW+DcYTHkpmbGpW3FNNcGWmvCrIrVGIB7QgXAgPHEvLNaFE2wpwKEZYcCI5OrhUrOkYrGygGQUBaAJFFhQsLC2RqAZWghUZAIRAqBFhUAgEAgFgQCFEAogsoKLKH4nyiwdHFPgVWiLOdUdnOtQrIznWoS2YaC2APkqU2ETUYtPjE3jFpiiVBqIQVASgJQAtcgHCIGjHErJyiUVJcAZcwHO1DoKyJ+o1GTYs0g7KFzARMyoURTsTJWo142YtakOizOtYYpE0wakTTE3F0xTkXUwEuUEcrU6Z7264IrNOKTr2CCilLhNJLtgXaVtASDt0/LCmzi4waSvzQGNgLfLKiS8fAVXjsAoRcnRFa8eNRXizKtOKEpKoqvkitmLE0kul8BT4wS6KyOiiyCuQqgIBVACwquwKaApoCiCqApoAWrAqv7AXQVRBAJ5AsCwiwKAgEAnkCAW0QKmBnyq1ZUZZ9t+xpAN8IIbjvr3AdCSUJWuV5QU5KM+VLmuUEClUd6d/gDRGNun0+iK04cdcdlRqxyklx0VFq2+EWIO6VM0i4+/koJuwuAasKCeNMJSHCmVmiSAIguyKuMih0JlGiEisnRYBWQUyhGSNgZJw5CkTjUhAzG6KrRGRmqYpGFW5BQNkAMCFgbA3GKcisrZUZ88qizTNed1s92d/B04jy+WhxHRwaoLgimUBns+W+2Yp0jUQE5lRmy5SxK5+bK2+zpGKz3ZplE6A1aebs51uV1MGRMjTbj5AbQFOJEMhEsZp6XBuMI4lCcseAjl6yHDNxmuXJcmmQMiqAgFoqrAFhS2RqBZWggQgoKoIsKgEAgECIFWBCiAQgoCBFplU7G+SwbcUuDStUJGK1B2YrULmzj00XZyqqZNUUYmoxToROkYp8UbYpiQQSQFgQCNAVQDIRCNMEVDCgJAZMzIOVqpclVnj2aiGxKgrKgJAIkRVIzWpDsZmtRpgYrcOiYaGiNDIJZdTFMrKjTNBOKkuS4jkZ0o5WvYilKVBBN0vkoqDbkl7LkDTHKsiUXLbJdMihnBbalHa/ddAZ54UuYyTAU0wKSbYD8UaZK1GvDjun5Zlp0cUFGP4CHxRUEBAIFUBQEAoCmBQVTAFgURUApqwIwgSKlAUwIBaQEqgLQECKCoEQC6AhBAAn0Bmn5KMuRVJ+zKyVLwvY0hkH0QOi/SyCRlzaKHYZ7oyviSap+4GnqUf9j9vBBrwvdHn7kUaYqogX0zSI5P36LGUizRBINDoCmioTKPIShqgimRQtmVVuC4OMy6Y0Y5l1MaYSKzhqYRZQuaAROIGXNEf1QxNA1OjNiway/JitRf1V7mVTegqbgi0yhkGajNNUjTK3IrLFrMjUGaZrz07lkb+Ttz8ePvbT8SNObVBEB0UYnOj5b7YZZCppUsxqM6y5c3ZqM1jnLczbCIogDsD5M1qOnpvBhuOlhkQaF0UUyBkCxinxRuMCaKFZFwEc7VR4ZqJXGyxqbNsFMKEggVEEEuirAsLC5EbgGVVAQgoKoIsKgEKIRECoBZRAIBAKIIBaKGQfIg2YnwbitMHwStQ1M51YpnHpqFtHntbUlbJPYbGJ0jnToxOsYp0UaZGkEWBYEAgESAdjQQ+PRUFZQubAxaiXDIrkaiVyKFxNRKcuiosqAkAmRFUjNbhuNmK1GmDMVuHRZitw2JAVAXRUU0VkJuM1T4RWXDzy3ZJN+5lQJ0wKnK2AUZbl7CqknbSQgdDPOC29r2YAzkmvtoBSV+ADjCoukTVaMWGo/LM1pswQuV+FwgrZFdBBlF2DFJ2BYFAUBAKYFBVMAWBQEIqBFAQAWRUApgV5AsCwIBQRALAoCyC6AoAJ9EGbKUZXdmoyGUbla5Ki+m0uwG9Q+egBj90Y+4D8X+o4rpWwNeni3Jp9Mg04U4tP24ZVdCEePcqC2c8lZLnDg0hKe10Uh0JBowAZFQDQZBIgXIilyZGoByM2tyIpk1cPxZOSypY2Y52jcrFjRFmmBoIpoBU0UZc64Az2aUMpChUsu3yYsahb1PPZitDjqfkBsc9jA2OVBGiErLCnJm4xUbNIy6qO6DCOS8NSNyuXXI4wo6SvP1zh0Uacx0EcaWQ+bj7OlyylkZInl+TUiETnZuMllQSAgDMMqkZrUdTTPoxWo6OKSI00KfARV2wH4zUYrRA0wY0UKyLgDBqFwyxHF1KqZ0jnSGADCqIqAXZQLYahciNBZVUBAqiIoosioVECoBAIBYEAsCgKIIBAg4sqtWGRuK1wYqw2JzrQjj00GSPN23EiicxKdCJ2jnTYo6RimJFZEUQgsCwIBaQDoIIaiopsoVkkQYNTOkyq5WR3IC4I1ENXRplYASCkyIKM1qDh2YrcaYM510h0WYrR8ADAtIqI0aZBJGoxVP7H+DSOBk4m15MNB8hASfqLAeN+h0Sqvpr+5UWiKufLIGwjwFN23tiRT1wr9+jKteGG2KvsqnRANFRdAUBAIBQFUBTQEAEKpoAaCpQRCCAUwKCqZFUEUgCAgRAqBEAgVCCICwiUAMkBlzoDM1yaQu9r4+7/grIor+4F7q49yg4NJptc3wQaIRqb+QNmG+P8EVsxQ3Tfgo24obYpPk1GaZt5ZpkEolRk1MdrsiwOOZpTlLgCXYKj6DJcmQKkyVYVJma3CmznXSJEjR+M1Ga2YmblYrTBm3OmorK2AuSAy51wBibNxS5y4KjJmmZqxlc7ZnF0yDYw1oxtlw0+LZMNasMmMNa4yNIMqAnG0VGHLiqQjNBtOkcOouKNvPRUVHmJ5T58j61pUshrE0tybNYgSosCwIBcH6iVY6GDJXkw3G7Fl+SVppjl+SBkJ2yJWvEzcc61QNMmeChWToDDqOmVK4uq+83GKzFQLChZBQVLCqYWFyDUCVUAhBQFAWVUAgEAgEAsCAWBABZBQECCiyq0YpUag2Y3aLVPic63BnHppKs49RRxiSRLTYo6yMWjSNRgaKiwLAgFoAqCCUQGxQBFQEmBmyzA5upnfBYMlWyhkY0aiDKiFAyIFSQUBmrBR7MVuHwZzsdIfBmK3D4MinIMiRpF0VAyiajFA1w0VHn8vOef5ZlS1y2UDL3ICh9n7lBXfAVI+X8kBdsgdF+ApsOZJ/Blppwx3yXsmRW6K4Kg0gIUWBAKAgEAoCgKApgUwKaCqAgFEFAURVMCgIgLCIFQIsCgqAQgtFFkECKaARlhaAyzhtj+ShDXq5NMri+WwiRrd115KGQXqi34INcPV12gNunjxEK34kBrj0bYo0uCsqcSjJqYXFkWMcU0yqamUEmESUiIXJkC5MjUJkzNbhb7MV0gokVoxmozWvEajFaYG4506JpldABIDNnXDA5k3UmWNFZJcGkYssrZAuMLZZEPhjNYjTjxjA+MCYadjjQxdaY8IgZFlQVWAnLjsrFZpwo1HLoKR0jz9LorLxspNnjkfUCUQCBEAuwIBE6ZKrRiyUZrUa8eajLR8c3yQ1q087YS10sJuOdbIFQwoXk6AwajplRxdV950jFZmEUwAZFCFQKphQSDQQqFEApkFAWVUAsCgIBYEAsCAQCmAJEQC0FNg+TQ14pGlaoSMVqGrk41oyKOdho0hIlo0jUYo0jTIqAsIgUVAWkEGogHGIDEqRUVIBE2Bkzy4ZRzcj3SNQUolQaRRZUUwBkAuRABFWuDNbhkWc7G5T4MxW4fjZhpoj0EMRUWaRGislTVJmkedn/AKkvyZUEeHXuVFSXCEFx+1EVE6YBR+0AlwyA4c/uStRqgm7r3pErUb8GOo8dEitEeCoKgJRUWBKAoCAUBTYFAUBTAoCgqgKAgFMihIIwBAsCwIEWBTAgEAsC0BYEIqmggGr7ARmjabAxyVM0lU6iueLKyCDbtIo0RXqTINONepIDpYY1FBWzEIVpgbjFMNMqbARl5RBhnxNiVpSZdBbginImgGwYCTI1CpMzW4DyYrcHEin4zUZrZiRuMVpgbc6dErKwAkBmzLhgcjO6kyStMuSfBrRnXLLEPhE3GWiESo0QiUNjEgZFEDE+BVMgwhlkAyXBWaRmjwajl0RR0eaoEeKPK+ogRAIBAIBAKCijOiKdHKZxdOx5G2TE109FyzP9HYwdG2WyBUGULydAYNR0yo42q+83GKzMqKYAMigYVRFUVQsNBCoUQCmQUBZRAqwIBQEAsC0BYEAFgUQUERAMiVWnEzUGuBmtRogjnWtPijGJo0iYzaNI0giosgsItIAkgGRiAxRKDUQi2gFTAzZWBh1EuGagyJGogkioIopgCwBYC5EUIRRmtQUWYsbh0Gc63GiDMVuNONkDkUEVFmoyVlXpZUcHVQ25JfJAiqaCAk7YUSVRQFLn+wFrwgCIp+Fer8IlVswxtL4M1qOjij6UUMoIlFFpAXQEoqKYAgCyKoCgIBTChZBRRAKYFNgUyKoggFAQCAWEQCAQCgCsC0BYFgQgFoBWRcMDFkjTLEpM/W+O1/k1GamFPf8AAGuC644A0QXMfyB0cK4KrTjIHxZqM0xSNMhlIITkYVhzP1GWoWpF1RbhqYpyJpgXILgGyWrIBszrUURocSK0YjUZrbiR0jnWmCNOdNiiosAJAZ83TA4uq+5mW2CbssSpBHSM1oxo2y0wRUPggHJAFRBLFFwnyRTVIJUcisWgycxNRy6Zzbz1QHijyPpoUQCAQCAUFQIhFXHlga8MTI62hRn+jsYOjbLXAoZ4AVkAw6jplRxtUvWbjFZWVFACyKBkULCqZVC0GkaCqKKAFkEAgFlFhUAgEAgFgWBCimQCwKIiwCiVWjEyjbiRmrGvGjKnRRhBpBBIIsC0EEgLQDIoBsUVDYxAYogU0UJyLgDDn4sDmZp7pUaiBijSDSKKApgAwKYASIBAFhVJ8mLGpToM52NytEGYsbjRjZlpqi7QBIqLLEpeXmJplxNZT1LS8EGaSpsBT4oqCXMCKnXARF3+AooEVqwK1fuzNajoYY8EabYcJFQRUQAqAlFRAKYAsAGFCBTZBVgSwobIIBQFMogFEFMiqAgRAIBdlEAqwKcqApyRBN6AJTAJSQBpoCLkCUQDKNgZdRjvlIsGHLFxakajNHijuCN2OKnFV+ANOkwy5/qRRrg68UA6MgpimCjU+CsVTmUInMDLldma1CrDWI5E0wO4auKchpimyauBsirRFHEDRi8G4xW7EuDpHOtUEaYNSCLAXIDNm6COLq/vZhuOe1ybhRwRuMVpxo6MtESobAB8QDIAkQL30yKOOQrNGpGnO1Jy9JXPqkm3FAPEnjfUQqIBAIBAJQBKBNVax2TQ2GKiaNWOBmjp6NE/o6uHo6RGqAQx9FCcnQGDUFRyNS7kbjFZmVAgDIjWAZFwIXFBcUFxGVQlFMAWQQCAWVVgQCAQCAWBZRaAjQAtEFUBEiAoxYGjFFp9F0bsSJRrxoxQ6JAaCLAhBYBIIJAOggh0UUNigGUAMkUIyLgDm6x1Fgcm7kbiGRNIMoEAWQCwKAFgVQAtEAVyRTYGLG5ToM52NytEGYrcasb4MqYUSzUZLmyo5OeF612TVkZcy5ddJ0hEpDVypFQcVtXPbAD/AMlQXmiKOPkjTZjVKK9lbMNOnijSS+ArQuCotBFlF+QLKinJALcwBc0ADnyFVuIKbAqwKsiqsCAQCAUBAqmQUBAinICt6qwBeVIoW9QgFy1HsMTQPPJ9dAD9aRRayu//AHAYsjf5IDWSQU2ORtEBxm15AbGQQdWArJC0Bz9RCoV7Ms+rQ4Fa9mistWnctzUoUn0/cqOnpJrFBJO+Sa3OdNlFLJx0+Ss5gkgI20QUpmkq3J0GS5sKzZXwZrfJSYVZBTRFCFQggVADiWJWrD2bjFrdiNxzrTBmmDUBYATAzZumEcPVv+YzDTGbiUcFybjLRjNxk+JQcSodBhDERQyAz5TNUOObNRmnqXBXOo5Xwajj1VGmEA8SeR9RALCIBYEoAoxsimxgQOjjMhixgNhEit+lVGf6V08R0jLVAqDKFZOgOfqOmVHG1D9bN6mEMH5UNX8qaIv5A0RrFUFxVBA0BTKKKBZQLIIQQosKsogEAgEAtAWii0BdFEaIK2gMjjAdCBMQ+ECUaMcDKtMEQNiRBAWBALIi0AcQHwKHwCHRQDKAGSARkjwUcr9Q4gywcqK5NRDYo0gmioBhQsgBgWALQFUBGgAcSAooljUrRjjZzsblaIxMWNynQ4MY1pjZBTZUEo0rYtakcnVy26hzsi2MWR/yyxiggqk2/akaRT4oAe2EWuEA3FHdtXlszWo6WmxNy3NcNmW3QjGmVBhFplE3IIpzRRTyKuwFyyN/BFwqWQBUs1fICnqH5aQAfxSXbsGqet+AJ/FvyiC1qk+go46hPvgBqyJkBp8FF2BTIKCqAECWAqbaAXOTSCFSk12VAcsopq2BH15AtQlLpANhirsmh0caCjUUQGoAFsAZCAQ5LgqKcLAx6vC9tpEaYsfpdUaZasDkp022vCFuReZta79ScTh+te2cZG5dR/B35+PH39MSKyqUbQCaaYjNGkaQMogIyRtMljUpCiTGtEkE1HEWLodpnF1W0Yur2jDVqIw0cYlxm1oxI3GLWvGaZrRFlZNiwLsAZMIzZnwBxNWvWzEVl28m4lFFcm4yfA0h8Sg0aQ2HYQ1EFMKVONmapcIeosStCx2iudinja5NSuPXIDbmgHiTyPpoBYFgWBAG40ZGiESKfCJmhmwKKMSDXpiT6V0cL4OkZaoFQxlCsnQGDULhhXH1EamzTUhFBr8qoL+VNBfyFoi4FhLAsMWKYZCygWaAsAWBCCFEAsqrAgEAsCAWigkASKLoouMQHRhwMDoQslGnHjMVDowoxQxIgNAEBALAsiLAKLAfjZUaIMB8AGBVSATkKjlfqMbg6LByVwzcZMTNCORUA2QU2RQgWkBTQFUBGgJtAtR5GDXihwjFjcpyiYsWUaRmxuVb6MWNSpj7bIs9pknwZtdZHH1bubJzTqMrTr8G3PFtXQ1MDNFiUC4tlZFFWFbdHgc53XC4Ritx14QUEkvYIalwURgBKSABtsCnfsALv2AXK2RSpxb9/wC4CZYm/ICZYpp9IaYXKE6+0uoBKS7TAZFOgL+n58k1V7ZAw7HdUyB8W0FNTAjKimFCwKIBYASVoiAcbKK+nfYFOCQFbUVE9KALfFeUASnH3CiU17kBxkAaAYuSoZHgA49hDVEqJkwKeNr4C64eSGzK4sQrVgjwmTr434/o8be/9zxzZX0+sx0/9v4Pbz8fL7+mxKyOrRULlAIiiVlHEoRlhQNIceRi6m0mLq3EGh2kxdVtJhq9ow1aiXDTYwLiadCJWbT4cGmTYsBikEXYULZUIy9EHL1OO5NmVZ/pmozVbDSDiqNIbEoNFDIPkqHogjAGiVQLiQhToM0xTHygzYzZFTNyuFhdlZx4s8r6SwLQFgWBAh2IzVa4IinwRmqZRBRFP075H9R0cLNxmtcGaQxgLmBjzoNOVqY8mo1GR9ldQsKFkVQZCwlCyMUAZUaQLNQCwBCoREAhRZVWBYEAgEAtFBIA0aBpFUUVyBoguAjTigZo0wgYqD2mKLogsCAWBYEIgkBaAdBhGiDKNEGUMvgAWwE5HwBzdY+GVHGb9TNwEpGkSUggdwULkQRPkBiYEYEAhRaQBxirA141wZU1IzVFRitAl0ZsalDB9o5104+l58m2LOdr0czXMyJzfyZ5rfXJWx+Dprl+RKDq/YaxYVJNtm3Mt9lRoxY+Eq7IR2NJhWPGjLbUiosCmEDw/BRTirIBaoAWwoGwpcmRQSlEIVLLH3QwLlkx32hhod0H5QxNWmvDCjVEBpIKJRANRANIqCoAWFCQUBTXAQDRAL4KAlNJAZ55n/T/AHLiUieo95G8ZtLeoRcTVfxHwXE0yOaDSu0ZsWVog1L7ZmWpTN2SHLVojR2LMpdMg0wdgMsqChLkI1Y+So0wimipXC12JR1ckveyNH48T+nKS8Gep6dfHcoIKp8nnzK9u7HT8R/B6Z8eDr6ZE0yNFZFVlRTjyGU2lQvJC0UZZRqRRNvAqqaMqGgJRBaQNHGJUMiioYioJMAlIqDUgDUrAjAVNAZcsLIMrhTESgcTSKNAkyg0whkOyh8XwEWwBbJVLb9RIpsGaZpl8FYsIysuudhNl1nHjTzvegQSAsC0BYDcXZKRsx9GVPiZqjIKIpuB+oI6OF9G4y1wZoNsICfQGTN0Fc7Urgsbjnz7NOkoAuqBqmEtAwzaFsjFoWE1TKBZQLKKAoCAQCyqtAWBAIBALAtMoZE0GIqiXYGjGUbcXKMVGiKOdQdGKKaIKsoqwLTCCsCyC0BdgHFlQ+EgHwkVDFLgKqUghGWXBRytblSTA5LlcrNaCUiinMqBciaK3WNUUQGJlBWESwI2UWmA3H2Bsx9GVNRFEYqwufRKpCltmYsb5uUOeFnn6j28VknGjDoFQ3SVeTcc61R062cm8crXPljrLOPt0VzwiMbl+5phuwx5iRY62NelEUZQSCKbABsAbAGUgpM5pE1rGWep5qPLAVOeSrbUUWRm1jy6jmlJtmpGL0zSzyZrE0P1JWMBRzSQw1ohl/3cfgzYsrTCUqtO0ZsblPhNNdmVNiwHx5KCSAuioFoigZFUBTCFzlQCZTpAZ5Nz9UuI+xpGbPKW21wjcjFpO2Ljy/VfRpKuUIrHafP5KzoEjOtY3abDjz4vUuu6FZBl02TC7g20Ro3T6r+maJY1KftSe6D4ZhqVpxSdEU2wg4dgbcPRpGrGaiVyP1GP/X3XFGasM02RRdeGY326Sei8sHjzuPjwcup7evjreXSirxQ/B6eZseLyXOlrhhPo0wlMiaZo6DIaNICa4CMslyaFeCUCyNBAoglgGmVDEwg0yoJFFgEioZEiiAGSATOIRmyQ5IESibiFtFEXYBxKGw7Khy6ILYC5Soik/UudCKfCXBpBOZNZwmcrGs2BGn5eNOb0IBaCCQFgWgDx8SJRsxvgyp8WZoZZFQimYfuA6GN9G4zWvGysm2AMnwBly9FHP1PRYuudNm2p0U2F/SrB+lNhNC2E0LZE0IEKqmUAyiiCgIBALKCRVWBAIBAKILRQyLLAyLNKModifQG/F0YqNMTnUMMUVIgTJ0WIHcUWpAEpEFqQRe4C1IA1IqGRnRcD4TLiGqYw1JTGGsufJwXE1xtfJkrUc/dyTWk+oXUxW8aYm6yaGRGhkUXTBF1F2USyopsC0wHYZcgbIS4MqapAFZlYDIyKy5WZxdNv6mGMvdHDuPX4rsZckeDk9EM02PdKzpHPq42qFLk042uXqMe3Ut3wyJWNR/mNfJpituD71+SVY6cPtCjKi0BUgFMgFsBWSdJkajHJTyyrqIA5MmLTwpcyNSMWssfq6udLiJuRm0Wq00dNii9ttvyaYZsuaM00sMY31XgbFwEXHZKLXL5XBf4n9AomG27SYVkwu0Wsi2SxTddWZrUpseVuiYdDscrINONlDUVF0EC0RoDRAIAS6AzzfICpRc3XgqFzW98deDUjNq9TgvT+ldG2GBIipt5ZdTFpJdoiutocWzBbXfJWTMqjTsy1HOniUpNrheGTW8OwN/bJdeSUjZDhGWjUENgBrxcUaRqgVHN/Ul/1i4522SryRGVNV4OXT0cz00Z/XihkXa4ZL7jfjuXGzSNywo9Hiefz+qOao11HHmqizm6HwZqMUxGmUZULn0EZMnEjUAWKIzKhYULZEA5FFqYBxmVDYzKhkZlQadgGgDQBkVTAXJBCMkbQGaao1EJkaQC7CmRAbj7AeugKZAnK+GSjkz1ezUNMc1ca8WsjJdloZ9a+mZtXBJ2TTFk1fy8eVUAtBFoCwCQBR7FGrEzFGiLJVMTM1VkDMT9SA242aSteORWTbKKk+AM+V8Ac7Uvg3GbXNyPk2aU2F1QNQGqYNCyCgsQNBZQLKKIJQF0BaiASiBdASiqlFFAUBAKAZF8FgZFmlMKGY3wBu08rSMdI1xZzqDswKbMjPklRqIT9Q0ytZAolkGAlkJiCUxgJTLgNSLiDiy4h0GVDk+C4mqlJlCMnJBztZG4szW448uG0c3QIFoIZBDVOihoYkVBUXQD4Nagdw1FWNFplDcUuQNmOYDoyID3EC8kiKzZHZDWnCv8ApkcO3q8XwjIuaOD1Rs0+P6eNN9nWenn6u0ObLRLScuZnm5ZSRbCHxOzcc606f7ooUjqQ6AMCyoGQANEC2AmavsjRGWUox4TXtXksSsb00py3TfL8GpUzW7TQhGKSNRjqC1mD62naXa5RphxJRptPteDDcDXO5dl0wdeF2yT2V1dNiWLCk+32WsgzSj0RqQnG6ytr7OmZrbVGDT4Ip8EVDogo6CBaIFyIoSAJ9FGZxuQA5k4YntXqfBQiEMiilXRrUsOjOaVSjZf0zeWPNge9yxrj2GymWFbMn+xgOw4fUpZevYqWN0s9RqKJauFpyy8f8kaOxaZS+7hkGlaWMeSAnirwRdXGADYxKNGNFRphwVHP/Uv/AKjd/wBqROm+JrnxnycXqxuwNSwyi/Ysjnbl1t0HR28X1y8/w/IjtY80pHUjhfVdp7h0GWJTkzTKNlZLm+CoyZnwULiwCIoWAuTATKdAA8tFQUcy9yobHIUOhJsqHwYDosA0yAkwqNkAMIXMqMuVFgRJGkCkAcUFOxrkIclwRVSQGbN9rM0ed1DvUS/JnlszA+TSOlhVozWmqKMqKgPGm0QC0EWgLAtBBLsDRjZmq0xZlTEzNUVkBwfqRBsg+DURqxy4LENUioqUuAEZGUc/Us3GK5+Ts3AlhVAWBQAsioVVBoLKBYVCItIAkiAkgLoGpRUSiqpoqqApgUBQBREDIs0GmlHBgasEqZOhuhLg41B2ZQEpGUZc0zUSsrycm8Z1PqjASyjE0Sy/Iw0ayjDTI5C4mmRmXDToSGJrRjZRpXQQMkFJn0QYNU/QyVqOLk+9nKukCRRIB2NWA+MQGKJYI0VCplgWyooCFQcHyUa8b4CHxkQHuIAyS4Ay5GSjfjVaWP4PP29ni+F4Yb83PSOXM2vR3c5ass6VG7XGRgzz4Zh1kZUrdliULXqf4NRysN0/3xfuwkdWPRUGBColAU4gA4gRY0DVPCv39ypoXp41wv8AyXDSJYXFun158A0O+ce1Y1MlY9Tp1mlujHbIup+cZv4PKuLVE9LhuHTPG9z5fyNTNaalJcy4JrX5gfoxb5JqiWCPsRWiK9CIGRibZNSIo0ggZIBUkZUIUEwhLVMIqVNqwqWl0UVZRTVqgIsZUUsNsKOGFJ8kMOhBIB8EghvHsEWoWgL+mMBKNBTIoB0Co5v6nJfxFX7HPuvR4efWufHsw7Vr08qZY59Onovg7+P64eX40ZEdnmjNPhnHp25pmORlacpcGmajkVkjJOkVGTJOyoqLKpq6IBkwETYGTLkoDJPNyVBY8xpGzDOyo2Y2BogwHRYBpkFqQF2ALYC5MqEZOSwIcSoiiUGokDILkB1cEUMgM2f7WZo85nX/AFEvyZ5+Nm4VyjQ6eDolVrguDNUdEHiTaIEWgLAsC0ASCGwZKrRB8GapsWZoNMyo49mRqxvgsqNEJFlSmqRURy4KEzZqDFnZuM1gymoEsooCAQCgqgqmw0FsoEgtEBJBBJA0SQRdASgI0VQs0qgqgBYFAWgGJlDE+DSjg+QHY5Uyjbjnwc7EN3GMQEpExGXMxGKyS7OjIQLTANMIJMqGxKh0ANONhWnGwNUXwBUmRSMj4IObrJ1Fma1HIk7bOVdYEAogaMTINMQGJGhGuChGQsZJKIUWggo9lGmDCHRYQVgBNkGebIOlH/6aFex5e3u8a9P6VJmefUb79lZp9mbVkY8jthtUYljNF9Ldjk12ixz6DgVTr2ZWXUiVBoC0VBBEoCUBCimAMmAuVdeAYXKKbthS5QQC3BJUgBaoKBuiAdzICUwNOJNrkuIdGJUFa3bfJFwaCBkAqRK0AgFgKkuQhc7RYF2URMKOLIDTRQSZBdgEmA2MgYZCVhMacavo0yYoAU1QFpBTIhHH181PVSpdOjj39ezxTOSIoy1TYdmozjs6CPH7HfxvL5a0yidXnZ8mNmK3zS1cWc3UyMipYjlwVlk1E6LGazb7ZtDYMBt8ALkyDPllwBz886sIxynbKLhMqNmDLyaR0cU7QGqEgHRYBKQF7iC1ICNgBJlQqT5KAaKiRiUMUSA4x5AMihkBj1HEWZo89nd6h/kzy0bi7NK6WDolVux9EB0RXhzTKAWBYFgWgCQBxZKNEDNU+JiqNIzQcUQOgyIfCRYGqRpEcixC5s1BjzM3ErFkNoSwKKIBAKCqYULCgYVCAkEGkEEkEWiAiiMASqqirFNFUIVTAFgREBo0Gp8FFxfIDYvk0rVilwjNQ9S4MVATkZSs+VljFZn2aZUBaCCRUMiUNiVD4Ig0wQVoggGp0BHIis+WXBFcvWStMx01HNfZzdFAFHsB+Lsg1w6KpiKin0UIyFiElRACRUFHsofAIcuggkEBPogzzCx0sEt+lh8I8vc9vb476SLpNGHSkZHZluM8uyKtM1ErRgq3F9NFjnWdx+nqqfCZWHRg/SioNAEioJMCwiygWQBJhS3IAHIKFyIuFuQ0wDkNASdgAwBoBuHG5NFStsI0VkxICbVuvyRdEEDIoRIy0EgFoAWgBlC0EIlBougaKq6AJWQWmyKK2BabAZGwNOJLjksStUEaZNTCI38ARBRrhCJXE1GOccjlJP1O7OPU9vVx1MKRHQ/DG2WM9O7oIfy22enj48XkvtpcTTmXKAGfJjOfUdOaQnXBltG+Coyam9rosZrJjlb5Osjm0wYDN3AwKyToisebLVkHNz5bdAIsqGRZUacL5KjpYXwUa4MB0ZBBKQVe4CbyCt5QEphAbuSi1yVDIooakQWlyFEyBUgMepdRdmaR53I7zN/JOfjZ+Io6emXCJVbsaMhtAeENIgFgWBYFgWghkCVWnGjNVphExVNUDIJQIDigGIINAW2agXM3GWXKbiVjyG4hLKKIIUQCgKYUDDQWRUQQcQg0RBFEAsIsCqCqKqUFC0VVNAC0BQVaKGJ8Ghd8gNjyVWvF0ZqHpGUDNcESs2URisz7NMqAtAGioZEqHQKh8CDTAKfFgHZAEmFIyy4IrlaqV2c+m+WJmG1AEiB2LsDZDooYUUyhOQ1EIKi0BaCCXZQ+AQ1MIJMIqSIETiFatBL+XKHscPJPb0+K+sHktNs4V6oQ5WRrAuNjDQODiE0yG5U6Ns03PDfjU48uLsObRif8tFZMAtAEioICyoFoigkgpciKWyBbRQDRFC4hFNADVlBwwtvkJrVjgoorNNS4KLAsCIKqS4CESMtAIKYEaAoAZRsIVLHyUDtYVKCiSICSAJIijigHY+HwaStEZFYNXPkoK+ACRBc5bcbZUn0uoZlsmuB9a9z3GTL+nuMm4u0YvDrz5f8AR4cFVaLInXTsaeGzEkdp8eXq7TGVASATNEqxlyRqRyrrAFKXkhaNSM1hnj2T46OvLnRxZUE5cDBnzzpGbFcvUZuWZVkbtlRaAOLKNGJ8lZdDDMo2QkA1TAveBN5BTmBW8AXMokXbNIdFED4ooYkBaRBTAXPoDnax+hmKrz8162xFadOroK62njSRKrdjRAygPBGhAiwLAsC0BaCGY+yVWzFEzVbccDFU5QGAthMF7RguiYLouItosC5Lg1EZcxuJWHJ2bjJTAoCFEAoCmFCwoGRVpAGkGRoAgiAQCwKAgVAqiimguhaKoaAiKo10UWA3Hy0UbsS4MUPiuCIko8ERkzxLGKyPs0yoCAEghsGVD4FRogA+IU2LIC3BQTkQZM+TglVzM8rZzrrCGZVEASRA/EuQNcCg6KKZUIyGohIERUEgLXZQ+AQxBBoAmuCBUkQXp5fTy2+nwzHU2OnFytk47jz2PbKy5INPgw6Sqh30WJWrDg3ctGscrRZMXhAlVjxtJp9MFTGtrcSximIIJBVoqCQFgSwFyCwqRGgMigYQNATbYRNgBRgioZFFiGJFQVAWBYEAp9AImuTNaAQUwIBVARoAGgB22BNoVKILQVYBIA4sqU2EvBUPgyoO/YIZHkAdS0oRj7stOSFJxyJ+DLc+Nf1FI2xhuKMWWM9VqTNuaNgLkwEzkSrCZuzFdIAiqZuMVmzQs6RzrPVM2yqXQNYtTJpMzVlcvI7k7MNBAhQSYDscgjXinRRsx5AhyyAEpAEmAVBUcQgaNIOEQHwQD4oAgLQFMgVkXAHO1a9DRmtRxMsKmBo0segrr4I8IyrbjQDKA+fGkQKsIsCwLQFoBmP7iUdDArMq344kD1EmKvaETaME2jBdDBGihU0WDJmRqM1hy9m4ySUUBAKsCWBTAFkULQVaAYgg0EWBRBAqWESwqrKLAgFMAWiqpoKlFUSXBqKjAbh7A6OJcGKHIiLfREZc64ZYzWCXZpkJUWASCGRKh+Mo04wNEUQH0BTZFJyTpEVhzTM2tSMc3bOboWBaAOKINGJchWqCKDoqKkiozZTUQgotBFooJdgNiyoaiIbAgLwQC0FA4EVpwT3Rp9o49R6PH1/Bzx2jnY7yghD1Eh1WpPbA05/0Ke4iiT8FQDVOxEqFRaIokBaKJYECKYUuRFKkRoLAEIsC0VBoIJFQaKggIQWUXQFSARMzWoWQQCgI', 'Lupita', 'Miel', '2222-02-02', '22222', 'R.C.', 'f', '2222', 'bcbe3365e6ac95ea2c0343a2395834dd', '01', '222', 'A+', '01', '222', '1', '2222');
INSERT INTO `alumnos` (`id`, `foto`, `nombre`, `apellidos`, `fecha_nacimiento`, `identificacion`, `tipo_identificacion`, `sexo`, `direccion`, `password`, `tipo`, `telefono`, `tipo_sangre`, `sede`, `eps`, `prepagada`, `email`) VALUES
(15, 'data:image/jpeg;base64,/9j/4AAQSkZJRgABAQAAAQABAAD/2wBDAAMCAgMCAgMDAwMEAwMEBQgFBQQEBQoHBwYIDAoMDAsKCwsNDhIQDQ4RDgsLEBYQERMUFRUVDA8XGBYUGBIUFRT/2wBDAQMEBAUEBQkFBQkUDQsNFBQUFBQUFBQUFBQUFBQUFBQUFBQUFBQUFBQUFBQUFBQUFBQUFBQUFBQUFBQUFBQUFBT/wAARCADwAUADASIAAhEBAxEB/8QAHgAAAQMFAQEAAAAAAAAAAAAAAAEGBwIDBAUICQr/xABEEAABAwMDAgIIAgcFCAIDAAABAAIDBAURBhIhBzETQQgUIlFhcYGRMqEVI0JSscHRCRZicpIkM0OCouHw8RdzNGPS/8QAGQEBAAMBAQAAAAAAAAAAAAAAAAECAwQF/8QALBEBAQACAQMCBAYCAwAAAAAAAAECETEDEiFBYRMiMlEEcbHB0fCBkUKh4f/aAAwDAQACEQMRAD8A9UEIQgEIQganVCh9f0bVs/dcx/8A1AfzXKlzp3RxVrABgdgAusepJe3Q93fGSHsiDwR8HA/yXJVwq5af1rcQ8vdyStcdXFllPmMu/WmV1tiJPsg52hZv6OM1vY0AnBHCu3+pklhZHEeCOQQtxHKLbZ3VEsO5jGFxOQBwMkkngAYySeAFp41LVVNHQOhniDmAgN5HvUz+lHp81foe6wsVvgfVVdXYxS0lLE3c+eZ23axrRyST5BcV2P0h6nX9+fHbbTT11DHO+NkwqnilbG0jEhLdr5s4z7JYCCMbwCTN1Hriqvnq9KLnVTRxjmjt8nqcbAO7QYsO28j8TnH4rf4uOOOM+12mY5Ty8t6X0O+sNXBG+bRNTbIsBokudRDSnIH7sjg78lprv6Nep7LJLFX1lopp4v8AeRtq3Thp92+JjmEjzAccL14sen7PVSSVc1qonuc473Swte8j/E5wJK596lV2nLPHJJaLHb6GBsj5B4dGzMjjkgYA8z71huZXhfeuXm/cOmklsbmpv9lid+46aXd9B4eVqJtLGMezdKCb4MdIP4sC9E+nWrtKX7UB0zd5aSC53aic31CmjMDjE5jnODSzlvstOS1w9/uUc+kV0Q0/oiGOj05SWprp2skpqasaHVJaC7e1kry57yPZyTgDcPa7KLjJdJm3E0ljqWn2PDkHvY8fzwsea31VOC6Snka0d3Fpx91Jh0RcbJdqOjvdpqqTxZATSmCTxXsyA5zNoO4AHu0kchO1nTi0sgrauG41TYnD/YmNAPBHBfnn6cKnZeU7c/KlSrqPS7aWSGmqqSKpfJGJmyti2SEHIBJbye3mSsCbo/XVFskrKSaOItaSymrMxunIcARE7GHEbhnOAADk8KvbUo5QsquoKi2VclNVQugnjOHMeMEf+e9YqaAhCFXQEIQoAhCFIEIQoAhCEAhCFIEIQmgIQhQDunVo94FNUN/xfyTVTl0cc+tDP7p/iiZy0NaNtZUAeUjh+asLJuQxcKr/AO138SsZEPqlQsDfcYicsp6lv+EmN32OR+aQXNzCBPRVMPGS4NEjR/pJ/gr9lvHkbBCwYrzQzYDaqIOPG17trvseVnKtlx5gb+v250XeR76Zw7ZXJuo6IGXa0+eThdc6wEbtKXcSnEfqsmSf8pwuVLy4CrndhrmgELTH6Wd5M+2ujqrn6tLtDC7GQMke5N70+9NQ6c9Eiz1cVZUtqLlqOkpHxxP2MngJlLo3gfibiMkg8cDjhbyKpZT1rpxtGzLsOOEyP7Sy7Su6adENNsP6yd1Vd54icnayFjGO+e6o/iuqTXT7vf8AYxnlyTo3X1ZpCwMpraaaGV1U6eWZ8e+R2QGgYJ2gNaMDIPJJ7lTt0V6x191uM9rbGyHZWPr2Vxm3Pkj2RMbC5pbgNDg95weSR8c8i14qbX4bvwknLSCpP6MuqrbQT32u2Q0V1hdT0Ussjd0zI3u8ZzGdyNzWDP8Ah93fj4lrZ6R0klPd7NU1UkZHjQF7hGecke4ea5Z6sx2u86JZcLPaKptT40LpvHe90kkLn4wyJrtv7TXFxBO1rgpp6U3eWl03QU8kjpqiOCONwLhkAN4Jx547/Fcs9amSVesq21y19Ta7ePF2SxVJieGF5cRnsW4awDIPyWnSvlSwmlK6Wo6k6SbWySUbKKqdFA00jmvm8aMxEnkDa0EuzjGA7GScjSdcdV3q668pb3T6cudfa7IaqzRzSUcppKqV0/hsc14AaQ5+3B3d8DIUUs1nqzpvfIbhQ6prK6npnF8dBVzGSJ/BaBsJPOD3GOfJdf8ARPU1h1D04t9ws8jorbMXYhqQRI17XEP3Ak87gfM9uOMK1ymN7jUsOW2Wt40RU0l5pqBteaKpgqZIh+ow5rgXZxkAgNJ7+fdedlPqOpr7bRsooDSwBmYIRJv8JriMNyeXYGBk/wBVOXWHr71Bp6e7aYvegnU0d/hmtVK6GqdL4wPsyGBzWEPOyRvfGCTxwQnPW+hvTUdNZ47Rqt1LV0wn9ZnqacS+s52+CGxggMDSHZx3yFSSy7yvKdfYwOm0B1DqyKG5U0EsbbNNG2SWJsnq58SENeCRgEZOPqp/9H+y2zWVurrFd6GmvFnEJfFHUxCRrdr9r+SO5Lwff3UOf3ZuWgdd2plHpe90dupqN9NJNKJPV6lzJGFzw8ucC15DnAOdnBbxkFdTdMIBW1FrucLzJNHKY3ulcWjBjO7jz9knHln5LXesUaQv6QXoLWObTk160x4lDTUkLneo08XiGL3OY5zx7AzlzfcCRz386q2kmt1ZUUtRGYqiCR0UjHd2uacEfQhe+9ihbUU0rKgNMWdrozyC3zBHyXhh1itDLB1d1va4/wDd0V8rqZuRjhlQ9o/gue5LGiqUIVUBCEKAIQhAIQhAKpUoUgVSpVSQCpVSpUgQhCjkCcuihmeqH+Fv802k4dGuDa2cE4zH/NQNff4TFd6lpGPaB+4B/mtctnqJwfeagtcHA7eQf8IWsQfVKhCEFqeCKdm2WNkrf3XtBH5rXTaconhxiZJRvP7dJI6I/kcfcLbIVsc8sfptgh7rP0+1DddK1JtWra+CngAkkoZA3EwBGQZAA7AHOOewXIuo6XqBYaiXwqZ1dFnGWbZPyyCvQrUcbZdP3JrhuBp5OP8AlK5d1NRuY6QBxBJJ4XRM8upj5Z26scx12sbzTxPZW250Ejmlrnyh0YacfEJm+md1Gk6qdRNLS09BUW2i05peKmcyqxmV8zw5z2gE4b+qAGe/BXUlktstxv8AbKDwxP6zUxxOa5mctLwCPsSok9OLSTdRddNc1NOPDdbLHSO8JgwJfDhfJt+xH5LTjo6/z+kXl+zk/TugI9dNpoa3DKB82J3A4c6Md2j5kY+RKcnWe/zydR4aezWiGgtNmtsNFS01IP1YaSZMhoHsgbw3gnOOVk6AqXWema+aHdHICY2u42gqUtK9JnaibcdVSOmkLqU04Di3wmtBBOOM5wB5ri9619226DXyqpNOxevOd61UR7g3933D+C0PVLo1c7/df7wSUVTJLKfCydmxoyclue2fn5dlvdEQGnlbMzdPThoMcbR5DsBjldAWCufeLVT09ZRCJoZv2PC2w4tZ5V566v6P6oo7vE50Vslkjb6xFTP8R7CzG323bG5IySAMcgYTXprjfdOVElGfBp6oRk0zXGQyQcEOLAXgsaSGZ4bnYM8r0lraNkkcgc0PDnHDNuMJhX63tqKWoY+jhjBPIcBh4HmQtJdcwc2yekHqqms1lZpix0xqnkirrK5zpYAwcNMbWPY9xdncScNHI9rIKkSwaimibp256n1BSV1ZcJjSZYwUzRIQ7LI27iHuL2NGAMgB3dNeu1JJcL7S0dOBFT0VQ+ItiaAx/O3kY7Ajj5lbLUtBJUy0YZT/AP45D6SrMW5tFNh2Xt8skHHPvVbhMZwtLv1TDNdLW+qp6WoMRikppAdwyQ7jH8/yT30Lp212qnoai1Qwx0bYWxuDYw0vDWYDjxy7jklc436+CnqLSKxzXyvjAlfG3Y3eQM4ySe54yU+OkXU6YzVdqqpMW+PDIHEHezuSXHPIPH5rj77G3ZubjomhrpNz2gHDwS3Ixz8F41elXSwUvpE6+9We6SCe5vqmvP7XigSE/LLzj4L1xhvb7s6AUzmGPaT4sZzkjjHwXlV6atmNo9IrUQawRx1EVJMxgGA0erxsx92FTLus8p4QYqUuOENVmZEIQpAhL+JX6OjmramOCBm+WRwa1uQMk9u6cjHS7k7JunldSSCKaWMzH/hQgvIPu7Dn5ZVj+5kzR7RcPmQFXcvC3bTbVKcp0qWDnafm5B0+1nO1uD9VO9mqbSE4f0NHnloWPNZW59jLU35NNMhZFVQyUv4hlvvCx1baoQlxlG1QnVIqmvczO0kZ44KTajaoNUndL5dknZCIfVKhCEAhCEGFeYzLaK5g7uge0f6SuYNVTmSo79xwQurFy9fKRwrpM5LW8AYx24W/T3qs8vRpenMT5OpVhYOB620n44y7+SYnXekEmv8AXWpH+A99Zf4LJC12S5rYKAucR8yG5/y/FSp0Zo3VHVChc92QzxZCB7ww4/io61N0+uN8vWq64gSCq1hcfVmgkuAaC1zseQAaAce8Lpzs+Fr2/e/wvHIN4g9XuD4IYvDjZhkcTRw0AYACkPQnUCtqI6nRstEYbYaV4lq2yuyd4xgMDe7iTznjCY+sNRUmlpK+pE1PPVRVslP4AkDnYZIWk7c57A/VStYqS1waBuV5bJHI98bXxz07N78uIaMEdmjOTk4HJXBGsjY6cgFHXMbxmMA4H4ufepqp7jS2ywskmlAe6MuYHHJ2/wDtQPpu0VlRWeKKl0rpmgBjhkgAdyfqpIqrZLp2qtpqZhK19Mz8f7TMHH81vhN4ssuWuPUCGruHqm4vkJxkDB+gWt1lWSU1O9sUbpZpPZbh2PJM7VD2w3aSekY2D2i4y5Ta1hrSWvqaOV8744GOAlY3uQ3k9z5jhW8ehNNAzTtd/eNtSCaemqXZeHjgkDDscc88n5qU5qOG56TjigIqXxv7NxyR/wC8Jg3HVtRqiWhdNHFSMpg9sezOWsfs3F2Dgn2B2/PurOjtXvtF1kpTE+WGTkP38MAJzx5548/JVvzLTw2ep9Ky3L1JlW0Mkqd4aXHB3AF3H0BUfWx1Xa46l8cwjOx0Z9oh4+OPIhS31Gu9VW3HTsNrldT1Doql7sge0SGBuM57N8T7/BNebTVVVWU1EzWsduLpTt9o+/OfJcOfiunCzW0xdIblJTacgNQ8VMzB4R8J2dpOD7fxGfsVwL6fEEkXXySSXO6e2wSgnzG6QD+GPou9ukj2OzTwQMjj8QFrnHkgg5z7yMDlcX/2kFCI+rtjq2klslpEHzLJXkn/AKwPopxvlHU48OSnI3I3JFtHMEIQlAvTb0AOmFgqvQl6x6mmtVHW3ysfJSipq6dkrooo4xhrNwO3l7jkc5x7gvMlerf9m1Vms9BfrHStcM089QflmnDv5LTG+L/fVM5cAXa+vo5opqd3hT4bIHAA7SRnzz2ymvW36d272+T54WZqV2ypLRwGANAPw4TUqZeSueRuyJrnI7u8n6q2brKBgPIWte/PZUE+9WjOtmbtIO5yq23nd+ILTk5KE0Rsay6iZhY1mWkYJK1yRyRSrsu5G5IhEbCXjCRCICEIQfU+PGj/AP3N+gd/Q/kqo5WS52uyR3HYj5hXFjz0jJ8Odlr2/hew4cPr/Lsp8eoyELXvmq6NxL2Grh/ejGJGj4t7O+mD8Fk01ZDWR74ZBIAcHHcH3EeRU3Gyb9BfUAavtQpKy4Nj7CeQA/DcVP6hjqYZaS51Uexpa6TcCPiAefuteleYpk0HRC37NeCUtHswS859+FBNZ6QdFoS73++Xx0rqK1R32WkhZE57Z6l9W5rGnHm4nAPwXSPR2jkbqgykYAp5CfqWrgH0no4aHR2iK2gqfFhus93dUxAZaSyqyMn4Enj4ldHVvy/6/dbDz4ceS3iopmviqI2tmllkqJQHF2HyOL3DPny48qYfRA1hX2rqt/dxrKep09f6eUV9HWR+JG10cbnNewE4DjhrcY5+hULXiIyVc8z3Z3SHHGPNPvopUPtOubPX04Dqmmrafw249p5e/Zx/q8/euOXnbaO/bXZ6SO+zVkR8Es9kQFu1oYPPH3Ts630MVBeLPC+MmobaaUFrewyHEj81qKmtoaeaN8wLnVEpja2Lkuz2CdXpIUZfrljoWOY0UsDXNH4vw8fLjK16fE/yzyiBdeWCkijgdCXuc4Bzg3kZUVX+yCad+2YgxN3Bhi4JPkPsOVOV4spnhZHIX8ty0eZWopNL0QmMkzSXNByMd1eo/JEWnbNPcJ2Ctf4cQcQdo5IA7ffCdEWjYmVURjkLjgF2RjHwCeMNjgF0gEMe1jnnDBjhOyDTAd4j5sggZVbkmIvu1JG3qDoOncDse6sBLhyQIMjH/nmpju1gguNmlpxEzD4i3Bb5YUf6phFN1a6dwkBwc6sO0jv+p/8Af2UvgF8jQP8AdtPY+5Y561P76tcd7R7pG3SWuoPgMMYjaRt92FxT/aD1Lq3U+kp3k7nU9S3B8gHs/qu9nCGhnnlAILzz91wJ6f5DtS6T2nIEFSM/87FzY+MtNM/p25OQl2p59R+m1R06ZpU1NXFVOv1ipr4wRMLfBZMXhsZz3IDMk/FbOUy0IVSCleoP9mTXtp/Q76+Ne72WSZAz23UxC8wGMdIcNaXH4BdD9D/SbuHRDozr/RFDYxXVWrjHmvlrNkVI1ox/uw0l5PI/E3uPcrTK4y6/vlM5Rjqlrm10jSPaBwR8U1poyT7Rwtrd75NcJ3zS7PEeSXFjcD+K0c0r3nvgKkbbUPDWdirR7pXgDzyqVKlpHFKk/ClRVShCqRAVKEIgIQhAIQhB9UqEIQCw6m3RVTg87oph2liO1w+vn8jkLMQplsu4NPPWV9rDnTUzq+naM+JSj9aPmzz/AOU/RQzrTXVp1DdZDBK6NzXBro5gGuaQAMEZ4+Sn5c/+kL0+iu14judG71evlgaHubx4haSAfnjA+gXRhlheZq+38KWU8Ol0Y/S80rMbPVXAY/zMXl11rutPcujXTyrjq3iGhrrq90bm8zPlqQAB/haHEn5D4L0G6EXG+WmXUMd0b+qo7Y+aJz+faacnP0wvO3rBZnW/pXoqifEW0hojVyPb7RY6Z/iDJ8txDj9B8Fr15ccNffX6X+V8dcRzi8PvFY+JmA9ziQPJPjSlnrbE+zyMBdVVNfBHC2P8fiGVjWfQEg88JrWd8dlvlPUuZ4kbXZwfdjB/IqW9BXinuevNMyTNzA2vikYDjDMOBz9MLi3ptOPLsuhrz43q8gETy4uDv3OeOfspA6n3f9K6mlrZqXaZA0RnxNzi0AAE8D4/RRHYKyKW5zs8ffIx/JaNx4PkE9eo12dFd3Ma9hIaNoHJDcAgZ+qnHLViuUau5D1mVj8cgbdgWpFsdLumdPtaDgBo7Z8lr5r3O5wEY3nzwskV++PYeMckLa+FIxKaNtPd2tDs7eQSE8qa4t8IxvGeMZx3TKq3CZ0M+4tLDjA4yFcN72AYJAx3WeVXkNvqFcI//njpzGxwwKeveQPLEP8A3Ui3HU8dFE4vkDBjuTwVz3qu9um676T9riGlqnNJ8iY35/IfmtzrwNv0FLumIkppfGjwcc7S3+DiscsvljaTzo+oNWNrvGJyM9nHthcUenLUes33TuTnZHNg/Mt//ldG/pV1JbYo2kAjl2XZz8Fyr6WtabhcrRITnww5mPzWOH1eVup9OnPblM/pMymR/SsH9jQNoaPtIf5qKaWx1VUwP8Pw4z2e/jPyHcp7611E/WlRYpaynYz9EWejs8LGuLg5kDNu88DlxJOPLtz3W+/Lm7bUeRU0s/8Au43O8sgcfdZrLQIyfFfux5MW3e8MAaAABwAFhyyc8ovMVgOEQ2saGNVD6sDI3ImeMd1huaA455TS18lkqCeytOeXIcclUqVCOQ1KqUUvOy7UfhSIRAVSQlIiAhCEAhCEAhCEH1SoVuKVk8bXsc18bgHNc05BB7EFXEAhCEAo46sQP9atkwGWbXtI+OW/1Ujpqa/j30dNgAnLgCfLgH+S06f1K5cGNI4W/RWsZ2j9YyyVbyQOeIyV5x9UqSsq+glkqi5rKcWOmfMJDzuaxm1o89z3Yb8nL0M1HUmj6c9QJZH7SzTle7k45EJXnTq++zHozY7TK01Epp46ZxPdgaxwDz8gB9SF0daz4evXf7GHCDtNadi1JeaeCR4jiaPaLR3OOPzWZaaCe060FseHRzsqWNiySAA542u+XI+xTj6XaUrKSsqquUgQtjwT8fLn7/kt/XWykn1lDeGgyTRU4f7J5c5jsgfn/FcVum8nnZ7aL1NMddV0bXCR76twERdjIBxx88E/VSvqW6Gtna5uY2hm3bnO0jhcxW+sq6W/evRSiGskkPtdsOOeee3dSjatVPukD2TVMc0sQDXPjeHAnHPbhRPZezcOqAzQVAlp5S5oA9juCt8K3xRlw2nHJHCZGnriYsxZLvi48nlbx9Q7Gc4b7lpcu7ln2NnUTNNOW7vaxwSeU2am5PDnAP8A+yrnujPWY2mXBdluD7009R3mG0NnkqamOmgZ3kleGtA+Z4VK0xhlV90FR1ntskj/ANXDQS5I8vaI/mAtxqe9VJqIp4JWiCEnxGO/aHvz9FC+p+olLRamlu9A9lQ4QGBhcDtJ3E5x3I7KP9Q69u+oXO8etlbTuOTTxOLIz82g8/XKrfM1GmN7ambW3WW0UDnQUjnV1Q3AIp8bA7HOXZ+PllQvq3V0mqKhs9VBEHMOWDG4t+RKbUtQG8ZWLLU5CrMS22LlTUF5JJ5KwJZ/LKt1FT9FhST5K00i3a7LP8VgT1WDxyUSTZPdYz3ZKlS0Omc88lU5ykQjPyTchyVCKqVUkcUbURoiEu1IiAhCVqBEIQgEIQgEIQg+luqguPSuZ1VRMmumkySZqNuXzUIJyXR/vMHmO4+5T9tN3o75QRVtDUx1dLKMslidkH+h+CzVFt90nden1xn1Bo2F1TRynfX6facMlHm+H91/+Ed/L3L08bh+N+XqXt6npfTL2v2vv6+v3U+n8kpITU0r1Isus7BPc7bVNd6uxzqinkO2WBwGS17e47LEodfQXSFoikLSSRuIwV5/U6efSyuGc1Ym5Q7amq8Eezgu7AJraqqXyW1wnIJY/ghJT11VNM853RNP4itPqSSSttlQ5u47XAn7quF+aKXyi7rPcjR9L9YmNwDH2WsDs+Y8B+VyPoXStu1boK3y1Lg5rhLE/I82Subj7ALqT0hY93RHWsjcbmWKscRnviFxXJfR+7+DoylpmtcKiOpl8fJ4BMjnAfPa5q6M/OO1sZ6GXrnqZpmw3us05TyzwPt0zqObdTvw54wCcgYI+K11zo6KKD9I+tuZB4YEbojwOSS76g/ktX6SGi4rXXO1Fuya2tcZGgYLnPJOfpgD5JmP6gUtPoKmp37JKuN/hmm3chgcQD/pAK5rPHh0S/cdQYqS403q0cjqmWQiTfnex7CPzOfyC2WlK9+m2WeG30rp2Gjia8DgeKSd2ce7j7rVaYvlvuTy6SVkUETuC/8AZJ8m+/CcVRqawaKp4KhlyZ4IG4Z5eSP2Wt7ny+6puzwv7xLNBVPgrN3IYW5PwWRfeoVn0vRes3Svipo3A7GvPtv/AMrR7TvoCuWdS9f7xdjJFaYza4HHBlkIfMR8B2b/ANSj2W4TVVTJUzTSVFVJ+OeZ5e93zceVbVTMpU9629I2QuczT1JHG3s2rrQS4fERf1P0UM3vV1be6k1dyrJa2o5w+U5x8GgcNHwACb9TUucMZWDJI45TSq7WV8lS8lx4zwFY8dwHfCtE4VmST4qVtKpJliT1YZ3PKSabg+5a+UFxzlFl6SqEvYrGkl44VBGxW3OyilugTlIhCKBJuSpPxIrRnhIlckRWhLuRtRjHxQIhCEQAOUIQgEIQgEJWpEAhCEH1SoQtNqi+iw2x8zRund7MbcZ595+A/oiLdTdcwel709qLPebbrDS8b6Wte4/pSKmcWNlAI2SOA4JPIIPBxzzgrW9JevlsvdHFbLhAKG6xtIBJy2XBwSOOPLg/mprk1C+4advYr6d0okbnc7lw/wDOFxz1a0HDPcYa7Tu5ldG5znRxkg54wRjse/3Vut1via6fVu9cX7OfHKbdc0WtWSU5jjkyM8gFLqXWtLpvS1ZX1u4UsbQXFrS7uQB2+JXKPSvrDTWy7ts+o/FpKxrQHOlHs5HkfcfyPkV1Bd3Wi7aJqqSsBMdVC5g+RGMrHDWGU3x+rTLwhTXfVj+9dgu1jo7ZMfX7dUxxyTNG1+YnDgZz+S5V6bXrc28zwub4M1U6raR29vnj4e5dq0unbNHTOlfG0S0dFUMp3nyPhOA/ivMDTWuxQaGq21Al8OqoKcsdBwWHGDzx33D7LsyyxzluMMLvlPvVG/26t069lY6PaGFzHPxgux25/wDOVxJcqh0U74g7dtO3Ocq5er7U3OrMs08sxGdniyF+we4ZPH0Wfo7TEuoawzyjbRQn23n9o/uhc7oWbPR3KphJj3RwnkO7Z+SzZNPVFRh1TK4ho43HP29ykqltkDS1jGNa1owAPILFqbewyHgYz2Vosjh+mtrQ7bx9lhVVuFO3z+6kK504ij54TQuI3PI9yjlM+5sz05WFN7AW2rHtY0rSzS73H3KEsaQk8lYs0gbxnlXKiceSwHvye6LckleSMeSsOcqpHBWJH+5EWke7JVCEIpyEIQgEm1DUuOUU5CpSuSojSlCEIgIQhAIQhAu5G5IhAIQhAIQhB9Uqi/q3LcaStoZYKZ9RSPbsLmDOxwOTn3Z4+ylBUSxMnjcx7Q9jhggjIKmal8s+pjcp45QvU1IuNmLIWmN87NrgR2KaGl+nMVqrJrjV4HhuLva81Md20oIq0PghDaVrcgN/e54wm7e46swzj1NzmgewGjOV5n4m53K44zlljNcuXetvSiDqdV1FxoaPwLpjY2Vrdu9rc7QT38/oo96Y9YLzpSeXTesaismpoSIY6mrc5z4j+64nuBn8XuHPbK6zrf0pTtMn6MnGxuGtZETn6KHtV9FZNbtq6qotc0EmS9p8Eg5+oUdC54z4fUx+X9ETOy6quprJ2U0zhIZYHRuILXcYLTleUcN1dUdP7bsdg4bTvA44a0EfyXobQ1OptFg2u+WytpaOUGKKaaEhp4wQHdux7d/svO/Rmm6ismp7A8mF76khpcOHEktDh7wSzGfgvWlvDbCTmMS0WR10rI43uMbXHAOM5Puwpbiom2+gpLRSNa0d3OaMZOeSVetWjGWSpe+cgyRjaAPI+9WzMKeeao7vccMBVu2a22bIsp6OMRxne9o5efMrXTSN9o+fdWJrhG32S7Lh3+a11Vctx2t7HzVV2LeKtrg52eO2UyLlcms3ZOCszVuo46HNPHh0uOefwqN7ndJKhxaD+JQtv0bCsu4qJnMB4HcrCmrPZwOyxHGOnp2NHMruXuP8FYkmwxVVnuuvm3easPk4+KseLkoLihvZZJC491TjCp3JUV2TalQhE6CT9pKhChCEm1EByRCEUCX8KRK5EkSk5SIRAVSpVSClCEIBCEIBCEIPppi1fWTSNa2oBLnBo9lvcnA8lvD+mh/xGnHuDf6KOuhN+tPUKyQXu3zx1NO9jJgW88n+hBUvZHbK0m/Vz5W4+DWuV8uFuBFQ8DjPIC1w1a98QfvjLCcDgLK6j0z5rax8bcuHHzUSCWsZ4Eb43YY/lvOFxdTq3DPt0iZpRk1W5gO4xnHvAWC/X1NGfalh5OOwWFT2dtXaqyZ7M+HC5/2BK5c/StZUMZVOa7L2B2B78LS5drS5a8Ok9WQWTqZRiguLIalrXBzR2LSD3BC8mOpugZ9E6w6eXGlZinqbZOwNLez6Suf7RPxEwH0C786bXmuhuj5qjayFpzuccYHxXG3WHqBHrW80UFF4LrLZDXUlBLG/cakSVb3umPHALWxgYJ7Z81thj3XcMcu67Ma51bpQ9xdmR/JKaVZVYJcTkDhvK2l3rRBCRn23cBNyTM+S78I7Bb6jaMV87pHYBznutffLxFZaQzP9p54a33lbB7o6SCWpkIa1oOM8KI9V6ikudU4l3sdg3PZZ8Jau53KWsqJJHvLnOJJJWJG79p3dWd5c7kpXP8vJUq0VPkLz3Vpxyqt3HZUKahSqkjkqqiBJnHCP2kqBAfJH4UqESTchqVCICEKlAIVSEVI1H7KGpEAhCEAhCEFSpQhAIQhBUkckQpHrV6OXVi7+i31buWjdUt22mrnEL3Odhsb3O9idnlseSM+5xI816TU1XDVUMdRTytlic0OD2nIPC516++jPautPTavroKeOPVluDprfVOBO7a0OMLgO7X9vnhRd6FvpGTiOTp5qmV1PdaGR0dMah5LyBgOhOR+JhI79wQfNehhZ+Iw3/wA5z7z7uLqS2e7sLV7nT26MtAwHZPKjiO9x1d7NuZECWAufIOwPuTv6oV0lBpvMLw17h7Pz7qGOl0k0l/qjK79Y4FxBPfkZXidTCZ9ff2Z4Xjad7RGIdNXd+OW07zyM/suXM14FLQFjmxsdEwDOF0nc52UHTfUdQ94ja2inJeew/Vn+q83er/WFk9N/d3TlW6qpxEG1V0YfZcRj2YnZ9o4By4cDOASc416nRvUs06Mp3ZTSnrf1uddKeu0zYj6tSSHwa+qiJBez9qFh9x7OPuy0ckkc7XKvZAXSOw1reGtHkPIBZN0r20ocAfnj+CadZM+tk57e5dOGM6WPbi1xxki2+d9ZMZHnOew9yvCla6Mlx2tHKpiaGHA7ps6/1a2y0TqaJ/697ecHkBacRoa3ULVviymipnYhZ3x+0VHErzI7JVdTVPqpXPecknKsrG1OytRuSqlQhVnhCGsLkYUp5I5Kl25GUm3hRTSlVJNqVQhSqlShEhCEDuiAhL+0hyJIqlShEBCEIBCEIFahyRCkCEIUAQhCAQhCD6gbVVNo9MS1EYEm3JwOcnjhcFemv0vk05qlnUfTrfU5XSxy3AU4IMUw/BUtA959l+MZDsroqj9H2CCilo4dTapp6R/Jhiv02PL3kn7nyWhvfom2W90bqSrv+qaqmk4fDJfpCxw8sjHK1vRs6s6vTt3Pb/1w/E3YZmkOu8vWLpdR1NTIYLnQEQVsZ4LZWtHtD3tOcg+eVh0HVqx6DmFfc6h75MEeBTsMkjz5ANH8Tge8py2D0M9MaLfNJaq69QunAEpluYl3AZxncw9s/msO5+ihpgzOlmrLu534sitjPP1j/wDMJ8OY53Lzqourl3IP6yelFq/qbZ63T9K/+7+lqn2ZKWDmoqWfuySfsg45a37rnS7Tviy1vs47fL4BdrXX0aNJQwlhrL3sxxiqhz39/hJj3L0UNGv8SV121GXkYAFVBgcf/R9Vpepjx6N8d8uMbi7a7Lz91ppp9hJAwpL1hoKi07eblbnz3CV9LUPiY+qdGXObnLCdjGg5YWngDumHcbdGycRR+K7Pnjk/JV9NtZfu0lxvLLRbZ6yUjDGkgE9z5BQffLzNeq+WolP43E49ymbV2n7PWQsiu10dbmM5EZlZGXfRwJP0Ucaj0pa6bY6zVstYw93PIcPyAVL5XM5K1ZU1tlheGkYcfI8Ja6gmt1S6nqWeHK0AlocHcEAjkHHYhRBipQ3PZVN2g8nhVtkjaeTwpWI5ha3AKtHIPIws+HwpXta6RkQdxvf2HxOMn8kr4WGSRjXskDHFu5nY/EZAOPogwBIexVYw4cKuSlcTlo4VpzCx2PNKeVRZhUkcq81jg3kKnYSVVKwQkV13s5VCqroIVKEQXclVKEAqlSqlIpQqkjVARCqQpFKEIUAQhCAQhCAVSpQg+mM2WU/8E5z5O/7rCnscw7RyE+Q3/wDdSHUCnhhe+XaxjQS5xOAAO5JUVao6zaVt73UlvrYrjVnLBJTudJDGfc5wOM58gcruxvdLZi8nKdupaSusmHbi2Xc3tyE2NRumtNG+emtdfeJWjimo3wNefrNLG3/qTP1T6S1g0xTh1/v9hsEjshv6RqhA15H7oc/J+ignWv8AaSdOtOGoZSXeiv1TCCDBb7fUyB7h5Mkc5rCD792PiuT42OV1rTfHG8yHzrnqd1MpnRM030Mu92aQfEfddS2qhx7toZNPn64UN6m116VlbWyfojo1pq10LsbY669U9VK34l7auMH/AEKPNXf2rtW95Zp/QdFM0jme5yvj59wjje7j471FWqv7Sjq5qOjNPb6XTmm5C7iptlvfLLj93/aJJWfZuUy1eHTjMteYc/WTp318p5Ka56v1RpukddHbBDb6dhkgIG7ww5lP+IDOD4hztPtKFdQ9Pqylod991jdaykI/BWOMUZP+Z8jgfPjC1uuerfWHqYG1GpdQ3ual2+zHI/1GkwM8iNoZFnk84yo1fbIoiH1Nzpw5xy5sRdK/58Daf9SS6nlpr3PaCj0FbGPE85qnjkB75XuPHYOjDWqzd9Z6bbQCC02l0MnYvfBHGQP8zS4u+v3TGm9TjIEPjT/4pQIx9gT/ABVrx8Oy1rYuMYbn+eU2nS9V1frTy/afssZ55HAHy5RJK+ZxdI9z3HuXHJVCrtIJyhCE2BZFE7bMB5O4WOrkBxMw+5wSDeCL2QFblpw4cjss5kXv4VuTlpV6u1z8Z45Vl52njzWY+Dcc4Vl8DiMYTjhDBeMnHn71ac07sLY+r4xxkq0+DnscqutnLC2pFkvgIPPCTwQ0HI5RVjoV7YFbc0gqNJUoQhEBCEJwKkKlCAQhVJBShVKlToCEIVQIQhB1r1J/tM+uvUGjqLe7UkNkoJXu/U22kia/wz+w9+Pa478DPwUP0mqOruspWuoK3Uk7Z2mPdQeJBFIHdw4xhrSD8VKFf6WOhNNCVmhOj9ppKhjmiC5XiVpeQP34qdkRPyMjh78pgao9LbqbqaGppYtQDT9vnfv9U0/TR0IZ24EkYEpHH7TznzWsmOGPb3W/7/fz/wBMJ3W7mEn99mtf6O+s6WnbXX+Gl0zSyuz6xfaxlMHZPJG48nn6rBn0hoWwuH6T1nLdJWO2yU1joDIR8pJHNjI+IJ+RTEuNwqbrWzVdbVTVlVM7dJPUSGSR595ceSfmsRV7pPRpJfWnxPqjSVsc42XSjqp7T7NRfax024e/wowxoPwLnfVa2bqBeC10dLLBbISSQy3U0cG3Puc0B33KbKFHdVtRdmmkqZDJLI6V7u73uJJ+pVpCFVIQhCAQhCAQhCAWwsdI6sutMwNJY17XvIGcNBGSter9JWzUMhkgkMbyMZHuUwO+qY0EsjbwT3KxBSSMIL2ENPY+SwqXVdRGNszGTN83YwVuKe6U9XB7JBeeQPNq0golpWtwAc/NYslP3OFlSygHk5KsmtY47XDB9/klTGK+E8YA+isvi4+KzyeMghY7+6aGEYyfLKsSRnOCtmQB2WNMwHt3CjYwTHyqC0Dust7OArRjB5CfkhiPb7lSWe5ZEjQ0dlS0ZHxUDHQqy3kqnagRCEKugIQhQBCEKdgQhCAQhCgf/9k=', 'Itan', 'Uli', '0022-02-22', '222', 'R.C.', 'f', '222', 'bcbe3365e6ac95ea2c0343a2395834dd', '01', '222', 'A+', '01', '222', '1', '222');

-- --------------------------------------------------------

--
-- Estructura de tabla para la tabla `asignaciones`
--

CREATE TABLE `asignaciones` (
  `id` int(11) NOT NULL,
  `grado_id` int(11) NOT NULL,
  `nombre` varchar(45) DEFAULT NULL,
  `tipo` int(11) DEFAULT NULL,
  `horas` varchar(45) DEFAULT NULL,
  `horas_min` varchar(45) DEFAULT NULL
) ENGINE=InnoDB DEFAULT CHARSET=utf8mb4;

--
-- Volcado de datos para la tabla `asignaciones`
--

INSERT INTO `asignaciones` (`id`, `grado_id`, `nombre`, `tipo`, `horas`, `horas_min`) VALUES
(8, 5, 'Ciencias Naturales', 1, '5', '5'),
(9, 6, 'Ciencias Naturales', 1, '5', '5'),
(10, 7, 'Ciencias Naturales', 1, '5', '5'),
(12, 8, 'Ciencias Naturales', 1, '5', '5'),
(13, 9, 'Ciencias Naturales', 1, '5', '5'),
(14, 5, 'Ciencias Sociales', 1, '5', '5'),
(15, 6, 'Ciencias Sociales', 1, '5', '5'),
(16, 7, 'Ciencias Sociales', 1, '5', '5'),
(17, 8, 'Ciencias Sociales', 1, '5', '5'),
(18, 9, 'Ciencias Sociales', 1, '5', '5'),
(19, 5, 'Matemáticas', 1, '6', '6'),
(20, 6, 'Matemáticas', 1, '6', '6'),
(21, 7, 'Matemáticas', 1, '6', '6'),
(22, 8, 'Matemáticas', 1, '6', '6'),
(23, 9, 'Matemáticas', 1, '6', '6'),
(24, 5, 'Español', 1, '2', '2'),
(25, 6, 'Español', 1, '2', '2'),
(26, 7, 'Español', 1, '2', '2'),
(27, 8, 'Español', 1, '2', '2'),
(28, 9, 'Español', 1, '2', '2'),
(29, 5, 'Inglés', 1, '2', '2'),
(30, 6, 'Inglés', 1, '2', '2'),
(31, 7, 'Inglés', 1, '2', '2'),
(32, 8, 'Inglés', 1, '2', '2'),
(33, 9, 'Inglés', 1, '2', '2'),
(34, 1, 'Religio', 1, '2', '1');

-- --------------------------------------------------------

--
-- Estructura de tabla para la tabla `disponibles`
--

CREATE TABLE `disponibles` (
  `id` int(11) NOT NULL,
  `horarios_id` int(11) NOT NULL,
  `asignaciones_id` int(11) NOT NULL
) ENGINE=InnoDB DEFAULT CHARSET=utf8mb4;

--
-- Volcado de datos para la tabla `disponibles`
--

INSERT INTO `disponibles` (`id`, `horarios_id`, `asignaciones_id`) VALUES
(45, 55, 10),
(46, 56, 14),
(47, 57, 24),
(48, 58, 29);

-- --------------------------------------------------------

--
-- Estructura de tabla para la tabla `ejecucion_plan`
--

CREATE TABLE `ejecucion_plan` (
  `id` int(11) NOT NULL,
  `matricula_id` int(11) NOT NULL,
  `id_plan` varchar(45) DEFAULT NULL
) ENGINE=InnoDB DEFAULT CHARSET=utf8mb4;

-- --------------------------------------------------------

--
-- Estructura de tabla para la tabla `evaluacion`
--

CREATE TABLE `evaluacion` (
  `id` int(11) NOT NULL,
  `ejecucion_plan_id` int(11) NOT NULL,
  `id_rubrica` varchar(45) DEFAULT NULL,
  `competencia` varchar(45) DEFAULT NULL,
  `nota` varchar(45) DEFAULT NULL,
  `comentario` text
) ENGINE=InnoDB DEFAULT CHARSET=utf8mb4;

-- --------------------------------------------------------

--
-- Estructura de tabla para la tabla `evaluacioncortes`
--

CREATE TABLE `evaluacioncortes` (
  `id` int(11) NOT NULL,
  `id_horario` int(11) NOT NULL,
  `grupos_id` int(11) NOT NULL,
  `nota` double DEFAULT NULL,
  `hora` time DEFAULT NULL,
  `profesor` int(11) DEFAULT NULL
) ENGINE=InnoDB DEFAULT CHARSET=utf8mb4;

-- --------------------------------------------------------

--
-- Estructura de tabla para la tabla `grado`
--

CREATE TABLE `grado` (
  `id` int(11) NOT NULL,
  `nombre` varchar(45) DEFAULT NULL
) ENGINE=InnoDB DEFAULT CHARSET=utf8mb4;

--
-- Volcado de datos para la tabla `grado`
--

INSERT INTO `grado` (`id`, `nombre`) VALUES
(1, 'Párvulos'),
(2, 'Preescolar'),
(3, 'Transición'),
(4, 'Prejardin'),
(5, 'Primero'),
(6, 'Segundo'),
(7, 'Tercero'),
(8, 'Cuarto'),
(9, 'Quinto');

-- --------------------------------------------------------

--
-- Estructura de tabla para la tabla `horarios`
--

CREATE TABLE `horarios` (
  `id` int(11) NOT NULL,
  `profesores_id` int(11) NOT NULL,
  `asignacion` text,
  `periodo` varchar(4) DEFAULT NULL,
  `activo` tinyint(4) DEFAULT NULL,
  `hora_inicio` time DEFAULT NULL,
  `hora_final` time DEFAULT NULL,
  `dia` int(11) DEFAULT NULL
) ENGINE=InnoDB DEFAULT CHARSET=utf8mb4;

--
-- Volcado de datos para la tabla `horarios`
--

INSERT INTO `horarios` (`id`, `profesores_id`, `asignacion`, `periodo`, `activo`, `hora_inicio`, `hora_final`, `dia`) VALUES
(55, 1, 'Ciencias', '2019', 1, '02:00:00', '08:00:00', 1),
(56, 1, 'Ciencias aparecer', '2019', 1, '02:00:00', '07:00:00', 6),
(57, 1, 'Español Primero', '2019', 1, '02:22:00', '04:00:00', 2),
(58, 1, 'Inglés', '2019', 1, '01:02:00', '03:01:00', 5);

-- --------------------------------------------------------

--
-- Estructura de tabla para la tabla `matricula`
--

CREATE TABLE `matricula` (
  `id` int(11) NOT NULL,
  `matriculador` int(11) NOT NULL,
  `alumnos_id` int(11) NOT NULL,
  `grado_id` int(11) NOT NULL,
  `periodo` varchar(4) DEFAULT NULL,
  `activo` tinyint(4) DEFAULT NULL,
  `fecha` varchar(45) DEFAULT NULL
) ENGINE=InnoDB DEFAULT CHARSET=utf8mb4;

--
-- Volcado de datos para la tabla `matricula`
--

INSERT INTO `matricula` (`id`, `matriculador`, `alumnos_id`, `grado_id`, `periodo`, `activo`, `fecha`) VALUES
(38, 1, 13, 5, '2019', 1, '2019-02-12 19:21:11');

-- --------------------------------------------------------

--
-- Estructura de tabla para la tabla `matricula_has_horarios`
--

CREATE TABLE `matricula_has_horarios` (
  `id` int(11) NOT NULL,
  `matricula_id` int(11) NOT NULL,
  `horarios_id` int(11) NOT NULL
) ENGINE=InnoDB DEFAULT CHARSET=utf8mb4;

--
-- Volcado de datos para la tabla `matricula_has_horarios`
--

INSERT INTO `matricula_has_horarios` (`id`, `matricula_id`, `horarios_id`) VALUES
(48, 38, 56);

-- --------------------------------------------------------

--
-- Estructura de tabla para la tabla `pensum`
--

CREATE TABLE `pensum` (
  `id` int(11) NOT NULL,
  `matricula_id` int(11) NOT NULL,
  `id_asignacion` int(11) DEFAULT NULL,
  `nombre_asignacion` varchar(45) DEFAULT NULL,
  `tiempo` float DEFAULT NULL,
  `completa` varchar(1) DEFAULT NULL,
  `tiempo_esperado` float NOT NULL
) ENGINE=InnoDB DEFAULT CHARSET=utf8mb4;

--
-- Volcado de datos para la tabla `pensum`
--

INSERT INTO `pensum` (`id`, `matricula_id`, `id_asignacion`, `nombre_asignacion`, `tiempo`, `completa`, `tiempo_esperado`) VALUES
(48, 38, 8, 'Ciencias Naturales', 0, '0', 5),
(49, 38, 14, 'Ciencias Sociales', 5, '0', 5),
(50, 38, 19, 'Matemáticas', 0, '0', 6),
(51, 38, 24, 'Español', 0, '0', 2),
(52, 38, 29, 'Inglés', 0, '0', 2);

-- --------------------------------------------------------

--
-- Estructura de tabla para la tabla `plan`
--

CREATE TABLE `plan` (
  `id` int(11) NOT NULL,
  `asignaciones_id` int(11) NOT NULL,
  `derechos` text,
  `aprendizaje` text,
  `n` int(11) NOT NULL
) ENGINE=InnoDB DEFAULT CHARSET=utf8mb4;

-- --------------------------------------------------------

--
-- Estructura de tabla para la tabla `profesores`
--

CREATE TABLE `profesores` (
  `id` int(11) NOT NULL,
  `foto` text,
  `nombre` varchar(45) DEFAULT NULL,
  `apellidos` varchar(45) DEFAULT NULL,
  `fecha_nacimiento` date DEFAULT NULL,
  `identificacion` varchar(45) DEFAULT NULL,
  `sexo` varchar(1) DEFAULT NULL,
  `direccion` varchar(45) DEFAULT NULL,
  `password` text,
  `telefono` varchar(45) DEFAULT NULL,
  `tipo_sangre` varchar(45) DEFAULT NULL,
  `email` text NOT NULL
) ENGINE=InnoDB DEFAULT CHARSET=utf8mb4;

--
-- Volcado de datos para la tabla `profesores`
--

INSERT INTO `profesores` (`id`, `foto`, `nombre`, `apellidos`, `fecha_nacimiento`, `identificacion`, `sexo`, `direccion`, `password`, `telefono`, `tipo_sangre`, `email`) VALUES
(1, 'data:image/jpeg;base64,/9j/4AAQSkZJRgABAQAAAQABAAD/2wBDAAMCAgMCAgMDAwMEAwMEBQgFBQQEBQoHBwYIDAoMDAsKCwsNDhIQDQ4RDgsLEBYQERMUFRUVDA8XGBYUGBIUFRT/2wBDAQMEBAUEBQkFBQkUDQsNFBQUFBQUFBQUFBQUFBQUFBQUFBQUFBQUFBQUFBQUFBQUFBQUFBQUFBQUFBQUFBQUFBT/wAARCADwAUADASIAAhEBAxEB/8QAHQAAAAcBAQEAAAAAAAAAAAAAAAECAwQFBgcICf/EAEMQAAEDAgUCBAQEBAQDBwUAAAEAAgMEEQUGEiExQVEHE2FxFCKBkQgjMqEVUmKxM0JywRYk0SVTc4KisvE0ktLh8P/EABwBAAIDAQEBAQAAAAAAAAAAAAECAAMEBQYHCP/EAC8RAAIBAwMDAwIGAgMAAAAAAAABAgMRIQQSMQVBURMUYSIyBiNCcaGx0eGBkfD/2gAMAwEAAhEDEQA/APJNNjkU73sa5rtJs7S69j69lJErJLm4Nwveub/ATKeZ43umwemFUB+XJ5Yu13cH6fVcizT+D2KenMuGYnLHUAk6dLdB9CLXt7FeEjOPix6uNeLyzzMA2S+wciloA9o32PTstZmnwNzvkuXU7DpcTh3/ADKJpftfYlvI/dYafFJ6KodDVwPppGO0OZICwg9iD19FeknlGmM4y4Y6/DRG0kO+iiSUriflb9VPgxCOa2o2PqVJDo3cEfdOr9x07FC6hfxx7J2DC7kE8+91dSiKGnfIbbC9u6oaCtc+Rz3G69T0foz6g3UniK/k5eu6itJaKWSZWSx0MBjZy79V1CoGOlcdIJtd2wJUOuqzPUm5JAXf/wAHuD0eJZzxaSqp455oKSJ0BkaHeWS6TUR2Js37L6hGnT6VpG4R4PD1qs9VV3SeWc4ovCTOWaYmyYdlnEJoC0ObLUMFO0g9vMLT+yocc8OMzZcqmwYtgdXQgmzZHljmOPoWuP72X0bqXyUR2Y0MHCZZilLM4umgY57eDZeeh16rGX1wVv8An/38DvSKSwzwh4b+AuYvEmq8ukpnUVIBd1dXQSMiHtsC/r+n6kXF/TuS/wAHuWcGptWN6swTOAOicFlO238sYO+/8xcf7LrX/FtPA4ARtBFuqE2e49OlgDnei5+q6vX1HD2rwv8APJbDRpWvlkbLPhhgmW5gMKwumw6EHV5dNC2JpPs0ALbx0pY3Y6bdyspT5pMzbufo9GncKfFiIqQT5pePdcVyc3lmv09qsXxZDCdUkrWendEZqeZhjI8xvZ3Co2Seaev1U2Bha0uOzfUpHgZRXDJjHCKIQxMayIHZrRYBNT4lBhbXOkeA4m9uqqsTzFDQtdvYj13XCfFvx3w7KrdJc6sr5CRHDERdu17nsOn1CtpUp1pKFON2yNqK3SeDc+Jni3hOW6Caor6kQx2sG2LnP2OzWi5cfQLyVmnxuxbG3TQYTNUYHh7nO+WmlMUsnIuXMNwDzYfXssFnLO2I5xxh9ZWVD5STZkeo6WDsBwq2E+S3VId+y+g9N6VT0yU6mZfwjiajUOo9scIsGUDK+Tzau9U69w+reZXX/wBTrn91b09RDTNDY3NFtrDgLHYnjzo4i0OsfRU1Njb2Pu55sT3XdnUTdmYI0r3udFr5BWR21brL1mGysJ2Nu6ix5hcxw3CsYMejmFngFS9wqLhwU7oC02IulAAW/wB1cTGCcXaACq+egcd2fN7JXEdO7I7ptN7FQZqq7zc/VKqopor3jcB3sq+QE3JWSUPgdO6sPyVIPVRZahtxukOuAm3xOIuVmnFlnwyVTV4icN1psKx2NwDH8LDOhkG4uhHPNA8HcKQnKArhFo6LX4bTYoLtswkcrIYpl2Skc4lupl/1DhO4bjr4nAOOy2OH19PiEGl9rkcELQ1GvHHJRLfTyuDllRS6CRawUZs5pn36LfY9lkEulg676VkK7CXsvqFgsNSg49jZRrKosknDMffBIxzX2Pdb/DMzQ18DRM5pfbklcidE6J22yfhrn05FiR6XSU6zhyWToxmsn3AfT/Lvuo0lMHX20q4fFYnZMui2tZfn7J7VLBQyUDHnS9gc09CFlMz+FeX8zgmuwynmdYtDzGLgHldCdAL7pmWCw7qO6ymWrB5hzF+ELAHSyT4cySnBBtE1xDAem3TpwuD5x/DdnXKc09TG2nrKJji68cha5jLXudQA2919DjByDuvOX4xPEOPA8rUuV6OUNxHF3ObO1hGplKB+YT1GolrLjuey6vTaNXV6iFCGW/4XdgqVnRpud+Dx7mBr6KhZA9w81xs6xvYj1VGyT4eA9ypuLSea9pJvp4VJ54qgPKJmB/7lpff7XX3rRaWGlpKnE8VqK8q8nOYqFpllvzuvVX4LsBqXYxj2KPjcynjZDTRkggPdZznG/oHN+5XOvBH8PuI+JYNZXOqMHwSIi85itLUH+VgcNh3db27j2j4dZHwrw/wGPC8Kp/Ip2EkkuLnPcdy5xO5J9VyesdQp7HpoZb5Bp6Tct74L3FaQVEJF9+iy1TT/AATSJB8x49VuzD54GyhzZfiqJdUguOl+i8LJXZ009uDm8tDPUvLmNd9EIMAridQjJ9V1CPB6WFgb5Y24UyCkhAAEYQ2lik0c1psEry4F0Tmt7q8ocMqGvaAx2kmy2UtPG1vAAHSyqq7EYaCNxa4XCWyuG7HIqeOhaXzOaB6nhZvM2cqelhe2GUFzegPCyWcPEKGginfPUiOKNpL5C6zWgLyv4m+PjsQElJl0yNicLPrpBYn/AEg/3Nvqtum0lXVytTWPPYWco01eTOh+K/jxHhpmoqKcT4idnNZ+lgPUni/pzwvNuJYhVYtUvnqJ3zzvPzSPO5VdTB9VIZZHucSbue43JPuVIlmbHa3RfQdDoqejp2isvlnFr15VZX7D0UDII9R3f3UCurbAgJqfEgARqCrKiuY5253XR3JcmRRu8kTEZi51ydlTVFSYnAhWr3Nld3Cra2mL76d1imnJ3TLo/ImDGmkhriFNjxbTu1xWOrIZIJCbFNx1r2i2pY/XknaRp9JNXR0CLMGnYyW+qmw5ojaN3hcwkr3nqU0ayQ/5ih72USe2vydZGaoJD8x/ZKOKUlTYFuxXKYsSkj63UqLHJGbXKZa5vkX21uDp3w1I9t2sH3R/Bwm1mgfVc7p8yyxkAyG3a6t6bM4eLOd+6vWphIpdGUTVuo4PQeyafh0EjTuFQnGC431XCH8WJGzrKz1YvIjgyylw+OM3aVKw2qNLILO2WcfjBF7uv9UyMZ0u4+qo9ZRldDOm2dSosWY8WdY+6FThFNiW5AYT/Lb+y5xFmFzSN7K1o80S6m/PYe60LVQl9xU9O+UyXi+TnR3fHdw72WVrMHmgc67Sug0WZGT2bIQ4KfNS0tcy+hhHewQlRhUzEkak6WJH2GcwOO/0smXxb2tdORyDul3uLr85N2PoSWCFJDY7pp0G4HKspGJsw3N+qBZb5KLE6qHC6KoqJ5GwQxsLnyPNmtA6k9l8x/EHP03iVm7FcxzOcIquUtpWEizKZpIiAt3b8x9Xleovx2+KUmAZco8l4dOIqzG2ufVuDiHspGEBwFrH5yQ29+NS8Tmp00duLcW2X1L8J9O9Kk9XJZlhft/tnnOqV90lRi8L+zv34c/BnA/EZlVjmOtFdS01QaeGgk/wy5oaTI4f5tyQAdtuCbW9cYTlnDcMp4oKahpoIYhpYyOINDR6Cy8a/hBzjUU2d6rBPMc6mq4XVIaTcNc0sabdtj/f6+36S3lA9bLT1N1PcOM3ddv2MUIJQTGJImx69IA9glUc7LW2TcrydYvtdUgrhTzHfa640sGqETZxPs3YpZkDhyqvDKr4mEE3b7qWHNBvdVtllrEuMXG/7o31baaMk2soE2IiIFo3PdZLH80Qwsla6dhLN3jX+lKWWLjG80Np4j5Z1u7Livif4vUeW4HOrZwyR/8Ah08Z/MeewH9yuW+MH4n5KerlwbK8bZahjiyoxCcXii9GAG73b+gBHU7LzlWY5U11XJPU1U9dWSn556iQvefS54G5sBYC+wC9HoukzrpVK2I+O7/wZKuojSxHLNnnvxFxLOU7/iHeRSarspY3XbtwXHqev/xdYh41nVJs3sjqatsLNTzcqgxDGhY6SNl7GKpaaG2CsjkylKo7yd2XU+KshbpbYBUVbj1nENP7rPV2NF5PzKpkxAuJ3Waeq7IsjR8l9Ni73vN3be6bFYTvqJKoRV+qI1buiyeq7lvpmjZXmLk/KnRXNl4IWX+MeepS21EhI0q6NcV0vJa1wa+9yCqaanO+kK2oMNrcSe1sMT5L9WjYK9gyRVOA80sj76nf9EXTdXNhVUjTxcwzaR56KRFhb38roMOSImgF1QL9mtureiybRtaDI4kDpxdSOjS5Flq/By4YKbJDsII7hdf/AOGMGa35onk/+M4f2KYdgeEsuBB8vrI4/vdXrRRZV7t8pHIX4XKxNGGaLoV1l+C4OD81OCP/ABX/APVM/wAPwFjjqpwbf1uP+6pehUcp2LY6tv8ASctZVSs6m6ebiElvmJ+q6UMOwFwOmmgcf6gLpEGG4DDJqfRxvtxrJLfsTZV+0ml9wz1Kf6Gc6FW5/dKBe7gH6LpM0OCX+WipGj+mJoUaSTC4HXZBFt6IehZXchXW8RMRDDK+2xU6ClmHQrTfxfDYzf4eG/fQL/uEp+Z6ONtmMFvQCyZUoJX3C76j/SVtFRVVg4XsFqMJq3QRkPKzs2Z4nANFgFAmx8NdtIPqrYVYUspkcZS+5H1Qwn8aPhfXwtc/NFFE7r5j9Nvuus5N8Ssv51pmyYTitLXNIuHQStcD9ivj/JkzF4qB9dUUEjaaNpc97i0hoHU7q28OM/4t4V49Dj2By/B/DHVUQtbaOaO4Lg4Dk2Gx5XxB6GEo/lSyfQ1saufZpvzDZHIAyJxI3te6zeQc1Q5vyvh2L0rg+GqibI1w6gjlZ7x88TGeF/hri2LM+bEDEYaKIEAvncLMAv2O59AVz6dKdWoqMVluwtSSpxcnwj5u/iQzzLnjx1zbXOl8yno6j+GU29wGQ3BI/wBTi4rAGYvhsSqjz3OmldJIZZZXulked9T3OLnH7kqVFNqhO6/Q+koxoUYUor7Ul/0eAqycpyk+5078O+YaXKvihQVtQ7SJYn0zb/zOLSP/AGlfQ7Ca5lZSRzNddrm3C+WuXax9JjmGTMIBbVwjfsZGg/sSvoz4fYkZcIijLtTmtAO68z1yltrRmu6/o26d7oW8GwksHPsqiroC6UOHF1LNQBqKI1IexeXlk2xTWR2kqvh2af2Tk1WSNRfpA6XVc+dkLXPe6zRySsF4ieJmHZSwqWuratsNNEL87vPQDufT1UjFydkO/Jd5xzrTYFRTzy1LYYomlz5HO0gALxP4n+Olfnavqo8HlloMIf8AK6ZhLJqnje+xY3n1PoqLxL8XsV8TcQf5pdR4U135dE119djs55+1mjYeu1sU4iNpe92lvqvX9O6ZGm/VrrP9HOr6lv6YC2OOkNY3SwcW2AUWpxCKhBNxf3VbieY207C1nPcLIVmKyVDydR3XXq6qMFaJlhScssvsTzKZCdP91n58TkkJ3UIuLjubpTIXP4XKlVnUeDYqcYIDpXO5KSLkq3w/LtTXn8uMkfzHYK9pMkFrQ6aUNPYC6up6epUyyuVenEycVO+Q8KXFhMr77Lb0uWYWjYF1u6sqfDIKbctDj7LpQ0a7mWWo8GOw7KEtSdwGt6uK1mFZVocPIdJad/ctsPsrBpLtm7BCSVsY+Z1z7rZCjTgZ5SnUdmyaC1v+GNI422SXOY3dzr+ipqvHWwNsCLqhxHM/Nja6WdaFMEaTfY18uKxQDkNVZU5mZGf12WDq8fkeSA8/dVc2IySHkrm1eoJcGqOmubqpzXvYSXHoVU1OZX6iWykfVZQyvk2uSVZU+WcQqA1zovJY7h0pt+3P7LC9ZUqu1OLZo9KFPMmTXZpe64Lj7qPJmN7+pKn0uT42NJqpXOJ4EJsB9SN0+cFoKYH8oPt1c4kptmql92BHVop/SrlH/HZgbtuEHYzUSNtY+4VpLBTNF2MaPSyiyOjGwan2VEsyGU087SEMQqjsCQEr42pcLXRveCeNk2X+iSz7se9+wTpahx3ft7pFpTvrP3RucT/0TZLrpWknllieBzy7gFziUV29TdN6HvPVAU7i5L8JBVk8s+qEeSsOpMMlpjTRyxuaQWvbfZeJ8wQwYZmfG8OjgbFHT1ckQYBsG3u3b/SQvoU+l1jdq8ReOmBHBvF/Gw4NYyrEVSxoFjbQGE8WteM/uvkOlqbJu/c9dp4bp2Pcv4HcbbjPgDgsLnlz8PL6R5cbn5XHY+oBAXn38Z/iycz5ylwailBoMFLoCQP1TkfOf/KDp9y71SPw8+OMHhV4MZ9Et/iYJmuoIP8AvppY2taG3Nv1tJPpdeZsyYvNU3M83mzPu+WT+d5N3O+pJP1XsPw/05T1M9VUWFx+7OV1avsfoRee5k6iXTO8g7X4UuimD4iFUzy3lPXdT8M3BX02Ls0eVtyWkEnkubIHaTG5sgcTa2kg3/ZfQPI1WYGwS3vFPG0ghfPKoDpYJYWbyTDyox3c75Wj7kL6UZdyi7C8r4TSvfrqoaaNsryLAvDRqI9L3XnuuuLVN98mvS3Vy9E/zO9e6bNUI7kkaQq6ondTkx8u4JWVzdmyPDKcw+a0PIJNyvH4bOolgY8TfFCgypgtXXVc4hooGkvPJcegA6rw3n/xLxPxKxcVVY58VJGf+Xogbtj3NnHu61r9B06kyvGXP82e8fkgY5/8KoZj5LDxLILtMlvq4D0ueoWOpI20rPNlte2w7L1XTtF6f5k1n+jnamru+hcE1rm0sOt+xtws1jmO6tQa4290jHMcu0hh2WYkkkqpAN3EnYBdOtqLLbEpp075YKiodM4kn90mKCSZ4axpc4mwAFyVrcv5KbMxtRiJIYeIAbE+5Wmigp8PjLKeGOIWsSxoBPv3+qqpaOdb6pYDLURjiCuYvDso1VUWmUGnaeS8bj6LT0mWKGgaDvM7+Z3/AEUx1S4kAJ2Jr3i5Nm+q7NHT06a4uYp1J1OWOw6I2BrGgAbbBSdLdN3bJtskcTPl3PdNFxmdYbDutV12K9o+6bTs07eiMtGnU479kxI6OBvO6q67FAxps5Vzq7OR/Tu8E+rxFsLebW7LO4jjZcCA5QazEzKTvdVMspkcbrmVa8njsaYU7O7FVmIPe43cT9VXSzPkPKlCmkqHWYwlXOHZRdK4OqHaG/yjkrF6dSpiJe5xhlmbgo5qp+mJjnn0V/h+TJJRrqnmMfyt5+61VJhMFEwCJgHr1UkMLlsp9PgszyzNPUyliOCrpMLpcNH5MYBtYuO5Kdnq3aRpbcKwZQ6jvdPjDmtcCRa66Kov9ODHfvLJnJXTyD9Bt3USeiqJRcA+y2Zo2gfp29Ek0zAf0o+2vyx1PbwjCnCp+Tsmv4TK4bArfGkbyE2aZjb/ACqt6RPllqrPsYE4TID+kn6Jp+GPYd2ldB+EiItpFkw/DYjsBsq3o0T1zC/w5xA2R/w4h3H1stscKYdgNum6afhgFjYJXo7B9fBkW4fva26cFBbputO/DwBu362SPgmubayR6bbkZVnI+rLIduF5K/F3gHwmd8v4o1v/ANVTy0pIvuWlr2i3HWUr2Cxlmrzn+LWvwy+XqSRwfiUU7qpkbTu1nlvZqI7Xdb39l8K0VGVfUxhDlnu41lQ/NfY80Yt/2ZhjI3H5nkPdb22//vdYTFKwSvO+yvs34oZyBxa6w80/zE8hfa9JTWnoxprseM1NR16zqPuJkcA8qdhk+guCqzMHE91Iw+X53X2FltctuUUZNpkh0UudcuNmaHQ/xSlLweCBM0/7L6PtzRDLRMMLw46eSvlmzHP4dO2oiP5kDhM3e27TqH7he2cPx+aTLdHUMeRHUwMla4Ho4A/7rzPWJKThJfsdHRxSTudBxrNkVDTzOY/zZQ0nbovLfi54iVNXSVELHEOqnGNz+ob1t2XQczY98Ngc7rnU7a5NiF5zzfXmsc0E/pJK42kjuqq5sqvbBpGalq4qZpe4DbZrVU4xi4dDs61+xVZjFcZKvQD8rSoEjpK2YMYC4nYNC9VOs3iJzI01ZOQlvmVkoaNyVssvYJFQN86Qa5bbOI49kWD5YGHwtlqP8ZwB0dvQq4EUjwLCzVbp6LT3T5KKtTf9MeASVpGzdwlRtlqOn3S2U8cO7vmKU6s0t0jYdguunteTLbA82KODkhzu4TckznHbhNio1Hi6eY0adTh9FZuViWsIjjc7cmwSp6sQMsLJqpq26bA2VJVyueTZyzzqbeC1QbHK3FHOdYG6qZpzLfdO/DySnYFSoMJc4jUCLrG902W3USoFO6QiwLirGgy66VwfLdreyvaXDo6YfpBPcqWDbpZXQoL9QkqsnhEWDDoaZtmMse6kNjLrWv7p1jdRsn44w0dL9lvjGKwihsTDEW8m6kCHYHlIDw0JTZx2srlZciWFtuDxdLe4kC4TYl24RGQ29E1/ALXDdICUTnAhJcetkk3I9VHK2ACjIBwjuHW2SGgk7pRaQFLkSDdELJlzbBP6SkOZ6ILKsRYIxJbskOlIUkxG/CQ6AkG4uhnsMrPkY+JB2cOErzYj2SJKU9Nrpk0rm73N1U9wT6jZ0zTRZHyziGNYg/TTUsRkIG7nHo0DqSdgF4A8Qs5Yhm/GZsZxOQOrJwGlrSdMbATpY30Go+5JPVd5/GdnZk1bgmUqaW7WXxGt0nbY6YWmx51a3W/oC8nY9iJcANXC+dfh3Qxo0fcyWZf1/s72vruc/TTwv7KjHaoykb8LPSSAqTXTl97qu8y/Nl7PcuEctRYskWIum3VBhjfY9OiJx7bJh5uSOhSTliwyVivFU8T3J2J3BXtTwMzFBmvwow2CWYOrMPYaSQX3+X9PP9JavFNQ3S9dM8Fs5VGB19RTsmLGSsuG3/zC3+39l5rV0t0Gr8HTpNHdc9teMMniBOx7+q8+5nrDAZd9xsupZhzy+upJWvA1kWuFx3MIkrphFGNT3lZ9FF7rsethGTpYJcRrmxxtLnvcugYNl+HDGtkMYdPyXne3snsCwOlwCnGu0lW8Xe7t6D0UsSOmlPYL0mmp7U5N3ZyqknN2XBNELBHqdYu9VDqJDf5dkbppOOgTXlvlN910olLWMDRu5u5RNjuU/wDCutuSAotVWsptm2J7pm0gWuSD5cDbu3PZQKrEti0XChvxB9S+wabqRDQSTblhBVTk54iNZLkgvdJO64updLROcAXC6tqbCC0fNYeimx0UUY3PHdWQpK95CubbK2KjazcjdSBE4kBrT9ApofBGOAUHYhEwfLa6ttFCjceHzSdLe6ebh2ggOdumXYuBwkOxIv6n7plOHBLNE8UcbSAXbo/h4Gn9X0KqpK9xAsU06rkPG6Z1YrAln3LrTTjqEf5PQhUTpZXt2HKS0Tk3I26KOr8DJXL0+V3skkx9HKpvKR2RBs2nnZP6nwCy8lwHx25ukO0XuNvqqi0ljyg2R4CCm+6BbwWgdpPdOB+4uFVNqZGi+6c+NOydTTEtYsHOTZfa55TLKgPbzuj8y+ye6XIWw3VJ6pAn3QLWPHb1SDDvtulbfYCWQ3VTRs4pAqGu7WTckBddRjTvadt0kpSj2JtubLPGYqnGcbxDGcRlMlfiErppS5xdpudmA/ytGw4/dc/xCs80ne6k5ixc1cztzYLNyVB1HclcSG2CUYrCN+3N2HPIb7qK877I5JiU0X3Ce6RLNDgdYX4TMhvwlAj3TTu6jluQUskOqPzXT+D4g7D61kzeQUxU/rTANnLjVHaVmbI4R1BmNx4pR6m7SDkKIZI6Njql1tQHyrFYXXywVTGscSHGxC1E8EmJObFfTEP1EKujTVOT2hqtSsFhVbPidaXknQOStCx8cWw3VXFAylYIoBZg+5U1jCxovt7rsadbTFKSl2JoqmgW0qTFTvmjLhYeipZq6On4Nyo0mZXtGxsPdbvVS5ZXtvwWtZFUucW6g1qhDC4zd0sur0AVVLmGSQndRn4vJIDuqnVhcKhJGoi+DpBsxp9TyikxqKO4aQsp8XLJ1ITjY3Sc3Q9Zv7UFwS5L6THNQ2KifxF7yfmP3TMFEbbqZFRNJCKc5MrxeyGxUPe0i5S2tebbKbHRMbvwpLI4222Cs9O+ZAfwV7KeRw32T7KRx6kKe17eLJXmABaFCNri3ZDFMQd90ZjAB2UzWNKZ81pvtZWKMQXuMi4PF04JLBKDwen1Q1tPKKVu4GN+YB0ulecCNuUfy3SvKba+yZCNCDMCiNtN7CyEkd0Zj0jlC7uRLyI27bHojcxpBsiOwvdJbueqZZ5Fb8CowGjrdOBw2TeqxRF/WyK+SLyPuY14uNkTWlvBTPmcXuE62cWsd0U0NZNhufv3QLRe/KT5jSeU4ACNjZNfuRRvgxVTL5jr33KgzRmxdba9rpPnbovO1C17rz0WbrWY1exsQidtwlyDVwkWsE1mNdCASOUvkeqbBsgZdCPBLEWp/Wo45T1TJ5jlLwXAqnGZi2FtmD9UjuAuLXzVsjVFqMchYDSuq8SjY0XPK6JBhzmsDbaR1UbB8BpMAaZATLUEWL3dPYKc6rLmF17Ba6VLbHJnlNSG3siogSSHOVTW4mXAgcJNfVEuJJ2VPUVOu4vZbbpFGXwHPUEncqITd3N7pOsuPdOxRFyTD4HvYUxl7XUiOnJGwTsVMS0W3KmwxED0VkYCuXcZpqW/PRTmQsZyEqOInYc91IbATzwtMY+CttsRHIGiwF0vznbWTjIADYjZL8oBGzYBtj3gb9U82Vx9kGsA/wD2ikttYple2RnZDzH77pxrhcj/AGUMuReYehTJtYBzkmmVoKb1tUQFzijDTfsrVK/YqbJglZa2yDiOVCJeDtwltdIQm34ygX7ko6bXRiUAbFQy545RF5txujuA7MmiYHlDzmkcKD5hBQMxvwo59wdyY6RpQAF+QCoRmShUbhMpoW1iUQbndIe0gbJszghKEwtsi5Jh4EnUOiPV8vG6cD787oiQT6ISVx0khprij814Pyk/VLA+bhHoHUfZGK+QXyc6c6xTJcQ64SZJLEpsS2K8zvzk6qiTIpT1RukFt1E84WQE2rlXxqryLszckarpEzbtvfdJDm9wifMALchPKS25ZEsjmGUorK6KJ1y0u3t2XR4fJoKcMhYGNHAaLLnOFz+XXxuG263NCx1dZxvpWCLTd0Som2S42uqTc8KLiFQIG6RtZTqurjoILXF+yx+JYqZ5SQtadym1wVlUXEjqoFi8omkyna6saaksAXBNmTDiI1T0hIHqrKKjDR6pcMHHClsaG88K9RSyV7goodhZqkxwho3SfMDW7bpDpjbnZXXQjtYmNc1otZK85reir2uN+UZk23KZzsS2SYahpJ2skGoUdovuCja3fdLuYHkdMxtYboxqcd0TXAC3CWHEJr+WRvyH5ZuNrpflji26b80nZAy6SnVgIcPyXCDXWPARNmBO9kGysBunukDkW8m3FvZEHbIjMD1RGQBWX8CIUbO68JLhfdILg47Ig63VI3YlrCrNOyMt3TRcLlASEIKXkGQ3x3F035YA2KN8h90I5AeR+6ia4J3C1W4CLUbJxxBOySQOiko+CYfIPOc1KE7vok2s1Dy3Bt7WHqhdrlhSH2TcJ9sgcOyrRINVgfoE6JLj5blynuYR7jKDOfVcb4nFr2lpUbVZa3HMTwOocXRyunJ6xRkf+6yyVRJE558prmt/qK8KtXvy1Znc2bRF0YcrjLOAnH8dwvDnTCnZXVMVMZ3cRa3hocR1ALgSPTkcpeZ8sTZczLjWDmRtQ/DKyajfMwWa8xvLC4D1tf6pFXd8AsimcTbZI1FEQ5vIREntZNKvcliywCE1OJRsAv1XQzMzDqW1rEDYXXNcOrp6CR0tOQ14HNrp6sx+urwBPUFwHRrQ3+wCtpatU1a12LKnu7lximKGolI1jfpdV8cet51G3uoWH6ZJHBwu7kErQZqwp1HgmWcSYxzRiNJM6V5dfVNHUysdb/yiNXLXq+UJ6NuBNNFG3qPurGFzbcj7rEF0rd7uCfgD5XAEkgqxdSUc7QR0u98m5aQbBrgR7ozJYGyqcKofIgdICQexKlGoFttiulptVHVQ3RKK1CVGW1j/AJ2xud035xPqmRIXJTL7lbrqxnSuPNlJ9vdOCS3/AMpgBOMBN7opkWR5tQG9EHVOrhMBpbcoAd7fRS+SMkCaxSvPBKYY4E8fdLBsdkyvwwdhzWbk9EXmIAX6boAG9ky+BVgUHX90ASCituOiMjsmWBLNjlyN+UNRKIOsLIibbo3JwC7r+iBfbZFruUH7geil28gdkrhnlDT8yRq2RA2NkVjkK+Bxx9EYG2ybdKADcge5TEmJQQ/qmYPcqOpGKu2TY2+CWXaQnaB9NUVsMU0zY2SO0F3Yni/pewv0vdUs+N0743NY8OJ6hU8lUb31bFczVauUYP0nk0U6KcrTNvjFHNhdQ6J0eghVr6xwNnEn3VxlTFo8y0jMHrZAKpjP+UqXm5cBzG4nnn5fY/WBi+Efw6QtBce4eLEFculq5Vll5Ra4KnLayEJhrOhqcgqnB5BJSI3MZG4f5lGknLHXDVem5YC1bgpRkDM5i80Zcxcx86/gZdP30qnqaOejlMc8L4ZBsWSNLSPcLT0udsxYrOIHZjxJuo8z4hNp+vzFZ2sr31kpklc+WQ7l8ji5x9yeV5iLd/qOg1bhllgVZHS1VHMXOa6CeOW47NcD99losy4vSZjx/E8Qo6Oqa6uqH1DmPYCdTjfYNJWGiqjEdmhS4cangcDHYEepV72pYA1cto8r4nXSaIsKqr8/mMMY+7rBWFJ4X41VvLX08FMAL3nqG2Pto1Kg/wCKcQa67aiZg7MqJQB/6kqLN+LRlx+Nkk1c+f8AnfbXe30VTClbhmkb4T4ywSBj6Igi1xM7/wDFVdT4ZY9TSaG08c57xytA/wDVZZ+sxKorJC+WTU49gAPsFF1XQC/3Lt2WcVw93mSUoAGxtKw/sCpeLZgrqzBcLwqeFnw2Gmcw2add5XBz7m+4u3bYcnlZtkz4zdrnNPcFAyvde7ifcpk7AsOmd38tkcVW6M32UdBS8X2GTZcRZhljjLOhTZxt9+FVNSg260UtQ6CtAWadV3kWQxyVpuN0tuNVDz8rSfoqptg4X2VxQzUrBd7wCnl1GtFXQioxbsafLeV8yZnc34Cjgde1vPqooL//AHub3V34geHmbPCh2HNzVhTKBuINe6mfFUxTskDdOrdjjYjU3Y91SUecaOlibH5jtNrH5SugeO3jtl3xW8OciYPSUeKR43gEWipqqtjBHNeCNjy0h5JJfEDcgclciHVup+7pxlFOk274ysYd7+fg7vsunvSTlKTVVWtnDOdRyeYAQLtKM3UPC5i6iZcW22U0PBX0OL3RUjxrw7Cr22R+YR6pHmhvCMSt6q5O4quONlN/RL19uVGM8YdYuCQ/EaaM/NKB9Uu+MeWTbJ4SJRcQeUA839FVTZipoQbXeelgoUuaOdEVvcqmWtow5kPGjUfCNH5m6J0oG9wAslNmCol2B0+yhz4hPN+qR1u11jn1OlH7FcvjpZPlmzkr4ojd0gA91FlzHSxg/MXH0WQMriN3Eptx333WGXVJv7VYu9rBc5NFUZpJH5Ue/S5UGTMVXJ/mDfYKrQWGetrT/UWxowjwiTLXTykl0jzfpdMmUu5390lrS82AuUpsbnP0gXKySqSlyy5LwP0vDrDdONkJO+6SyB1MQ53XayTKdD791uo22XZTLmxOpax0ErXtcWFpBBHII4I9V1ChxCHOGF/maW4hG2x6ax0K5C2WxtyrnAcXdh1YyVji0g9CsVROnLdEbapqz5LXEaeSlme0gtsbEKtkqrGxK6HV0MGZsP8AioB+bbcd1z7FcJlpJjqaQB3C69DUqos8mSzi7My36UaSguK8m0CCCCFyAQQQQIBBBBQgEEEFCAQQQUIHqQB6IkFA3AjBRAXR6VCIW0F7gB17lWVLBTRfNMQ93POwVUNka00qkKWdt2LJOWLmifjkETflufYKK/MTj+hllToWsr5a6s1ZMRUIeCwkxqpedjp9gmHV9RJzISowcUsvI9FnlqKsuZFsYRsG6V7jdziT7ojIUhBUuTfce1uAXuggglFtgCCABcbDdPCkldazDuoFDNrlHf6qyp8EllbcnT6WVgzLkYe3U4kk72UuG1lcz/ll9tIuVJp8LmqH7sLW9TZa2ny+yDSWsDt+VNdSOabBvHVC4GZinwVrJLG97dlOgwuIPGpp/ZaD+HktDrAu9Bumm4e57z0RJdGdxihYyDUzkd1RSfM31C3Nbgkb4/nkdxzq2WHqvyJnx3vYq+lKycX3K5LuR77pxkmlMuNijCb7ltCbbJWaHYdUiNxJidsQTstjmbDmV9L58QB2vYLj8FT8O4ObyF0fJ2ZxVxinncD0F1nUnTkLKO5XOXIIIIDAQQQUIBBBBQgEEEFCAQQQUIBBBBQgEEEFCBjblDUiSlAgRakaPlQNghdBEdinY4JJP0tJUChr/MlXKmxYTI/dxA9FOp8JaD+nV7qBSKRrHPdZoueymxYNUzAGwbfuVoKbCnuaXNjGkc7qypKLT0H1S3DZGWjwCR1wSbhOR4G0OAcL97lbB1OGDa2/QJnyRqJe26lyWKKHCGMuWsBU+nwmRzdQa7SOobsFYltnCwAH9IspNNWmmv8AmaQed1LMCIHwlrDTupMNLpcLgBKqMTiY7XcF3r1VfUZis2zWj3IUQS9FwzTYC3dMzVkFOHuqHhgtyLG5WTrMwTFp+ff+lVD8QdUFxlBkPcorAbJcmxkzdSUjXFl5LcKnqc7TTE6Y2saeizEh55+qb/zKCtpcFpUZhqpxu+w7N2VbJK6V2pxuSkuQamQjYNSMFBDqE6bTuAPgKRh9c+iqGvabWPRRkRCNRKSAmERZBBBVBAgggoQCCCChAIIIKEAgggoQCCUjbK9rXMDiGu5aDsVA2EJSLSjUJYJqF9ktkD5Dsw/ZT6fBnucPMBaOwUDYrmtL9gL+ylU+GvlsXfKFewYS2D9I+4U6OhY0NJ39igxkkVNNgsexO59VYiiYBpDQfopzI2tHyj6JWizb7D0uhYOCHHTaSRZS2QWZfSgHgFH8b5Zsy26hCXRUjngk2YzuQl62wPsX2HWyrHYnIxpbdV8lW+VxJKA1i/NdT3sX7/dN12NxiEMiDQBuT1KzT5zqKZdJv6KBSiWUmJvdc6jbsFHlr3e6hm436Jt01hym+SWsSH1RdsXJiR3rym3ODt0RNxwgRWCeA6/+6YcNPBUixINwmXNueLKC3vyMP2KSRdOOYAeUDGG9keBfgY/SiJuluAaUhERh6UHcIDflByNyAajIQRAqyLTVgH//2Q==', 'Diego Rene ', 'Guchuvo Gutierrez', '2019-02-02', '1111', 'f', 'Fusagasugá', '111', '222222', 'A+', 'edilsonlaverde_182@hotmail.com');

-- --------------------------------------------------------

--
-- Estructura de tabla para la tabla `rubrica`
--

CREATE TABLE `rubrica` (
  `id` int(11) NOT NULL,
  `plan_id` int(11) NOT NULL,
  `competencia` varchar(45) DEFAULT NULL,
  `criterio_evaluacion` text,
  `peso` varchar(45) DEFAULT NULL,
  `mejorar` varchar(45) DEFAULT NULL,
  `basico` varchar(45) DEFAULT NULL,
  `alto` varchar(45) DEFAULT NULL,
  `superior` varchar(45) DEFAULT NULL
) ENGINE=InnoDB DEFAULT CHARSET=utf8mb4;

-- --------------------------------------------------------

--
-- Estructura de tabla para la tabla `seguimiento`
--

CREATE TABLE `seguimiento` (
  `id` int(11) NOT NULL,
  `ejecucion_plan_id` int(11) NOT NULL,
  `dia` varchar(45) DEFAULT NULL,
  `profesor` varchar(45) DEFAULT NULL,
  `tema` varchar(45) DEFAULT NULL,
  `desempeno` varchar(45) DEFAULT NULL
) ENGINE=InnoDB DEFAULT CHARSET=utf8mb4;

--
-- Índices para tablas volcadas
--

--
-- Indices de la tabla `activity`
--
ALTER TABLE `activity`
  ADD PRIMARY KEY (`id`),
  ADD KEY `fk_activity_plan1_idx` (`plan_id`);

--
-- Indices de la tabla `acudiente`
--
ALTER TABLE `acudiente`
  ADD PRIMARY KEY (`id`,`id_alumno`),
  ADD KEY `fk_acudiente_alumnos1_idx` (`id_alumno`);

--
-- Indices de la tabla `administrador`
--
ALTER TABLE `administrador`
  ADD PRIMARY KEY (`id`);

--
-- Indices de la tabla `alumnos`
--
ALTER TABLE `alumnos`
  ADD PRIMARY KEY (`id`);

--
-- Indices de la tabla `asignaciones`
--
ALTER TABLE `asignaciones`
  ADD PRIMARY KEY (`id`),
  ADD KEY `fk_asignaciones_grado1_idx` (`grado_id`);

--
-- Indices de la tabla `disponibles`
--
ALTER TABLE `disponibles`
  ADD PRIMARY KEY (`id`),
  ADD KEY `fk_disponibles_horarios1_idx` (`horarios_id`),
  ADD KEY `fk_disponibles_asignaciones1_idx` (`asignaciones_id`);

--
-- Indices de la tabla `ejecucion_plan`
--
ALTER TABLE `ejecucion_plan`
  ADD PRIMARY KEY (`id`),
  ADD KEY `fk_ejecucion_plan_matricula1_idx` (`matricula_id`);

--
-- Indices de la tabla `evaluacion`
--
ALTER TABLE `evaluacion`
  ADD PRIMARY KEY (`id`,`ejecucion_plan_id`),
  ADD KEY `fk_evaluacion_ejecucion_plan1_idx` (`ejecucion_plan_id`);

--
-- Indices de la tabla `evaluacioncortes`
--
ALTER TABLE `evaluacioncortes`
  ADD PRIMARY KEY (`id`,`id_horario`),
  ADD KEY `fk_evaluacioncortes_horarios1_idx` (`id_horario`);

--
-- Indices de la tabla `grado`
--
ALTER TABLE `grado`
  ADD PRIMARY KEY (`id`);

--
-- Indices de la tabla `horarios`
--
ALTER TABLE `horarios`
  ADD PRIMARY KEY (`id`,`profesores_id`),
  ADD KEY `fk_horarios_profesores1_idx` (`profesores_id`);

--
-- Indices de la tabla `matricula`
--
ALTER TABLE `matricula`
  ADD PRIMARY KEY (`id`),
  ADD KEY `fk_matricula_alumnos_idx` (`alumnos_id`),
  ADD KEY `fk_matricula_grado1_idx` (`grado_id`),
  ADD KEY `fk_matricula_administrador1_idx` (`matriculador`);

--
-- Indices de la tabla `matricula_has_horarios`
--
ALTER TABLE `matricula_has_horarios`
  ADD PRIMARY KEY (`id`,`matricula_id`,`horarios_id`),
  ADD KEY `fk_matricula_has_horarios_horarios1_idx` (`horarios_id`),
  ADD KEY `fk_matricula_has_horarios_matricula1_idx` (`matricula_id`);

--
-- Indices de la tabla `pensum`
--
ALTER TABLE `pensum`
  ADD PRIMARY KEY (`id`,`matricula_id`),
  ADD KEY `fk_pensum_matricula1_idx` (`matricula_id`);

--
-- Indices de la tabla `plan`
--
ALTER TABLE `plan`
  ADD PRIMARY KEY (`id`),
  ADD KEY `fk_plan_asignaciones1_idx` (`asignaciones_id`);

--
-- Indices de la tabla `profesores`
--
ALTER TABLE `profesores`
  ADD PRIMARY KEY (`id`);

--
-- Indices de la tabla `rubrica`
--
ALTER TABLE `rubrica`
  ADD PRIMARY KEY (`id`),
  ADD KEY `fk_rubrica_plan1_idx` (`plan_id`);

--
-- Indices de la tabla `seguimiento`
--
ALTER TABLE `seguimiento`
  ADD PRIMARY KEY (`id`,`ejecucion_plan_id`),
  ADD KEY `fk_seguimiento_ejecucion_plan1_idx` (`ejecucion_plan_id`);

--
-- AUTO_INCREMENT de las tablas volcadas
--

--
-- AUTO_INCREMENT de la tabla `activity`
--
ALTER TABLE `activity`
  MODIFY `id` int(11) NOT NULL AUTO_INCREMENT;
--
-- AUTO_INCREMENT de la tabla `acudiente`
--
ALTER TABLE `acudiente`
  MODIFY `id` int(11) NOT NULL AUTO_INCREMENT;
--
-- AUTO_INCREMENT de la tabla `administrador`
--
ALTER TABLE `administrador`
  MODIFY `id` int(11) NOT NULL AUTO_INCREMENT, AUTO_INCREMENT=2;
--
-- AUTO_INCREMENT de la tabla `alumnos`
--
ALTER TABLE `alumnos`
  MODIFY `id` int(11) NOT NULL AUTO_INCREMENT, AUTO_INCREMENT=16;
--
-- AUTO_INCREMENT de la tabla `asignaciones`
--
ALTER TABLE `asignaciones`
  MODIFY `id` int(11) NOT NULL AUTO_INCREMENT, AUTO_INCREMENT=35;
--
-- AUTO_INCREMENT de la tabla `disponibles`
--
ALTER TABLE `disponibles`
  MODIFY `id` int(11) NOT NULL AUTO_INCREMENT, AUTO_INCREMENT=49;
--
-- AUTO_INCREMENT de la tabla `evaluacion`
--
ALTER TABLE `evaluacion`
  MODIFY `id` int(11) NOT NULL AUTO_INCREMENT;
--
-- AUTO_INCREMENT de la tabla `grado`
--
ALTER TABLE `grado`
  MODIFY `id` int(11) NOT NULL AUTO_INCREMENT, AUTO_INCREMENT=10;
--
-- AUTO_INCREMENT de la tabla `horarios`
--
ALTER TABLE `horarios`
  MODIFY `id` int(11) NOT NULL AUTO_INCREMENT, AUTO_INCREMENT=59;
--
-- AUTO_INCREMENT de la tabla `matricula`
--
ALTER TABLE `matricula`
  MODIFY `id` int(11) NOT NULL AUTO_INCREMENT, AUTO_INCREMENT=39;
--
-- AUTO_INCREMENT de la tabla `matricula_has_horarios`
--
ALTER TABLE `matricula_has_horarios`
  MODIFY `id` int(11) NOT NULL AUTO_INCREMENT, AUTO_INCREMENT=49;
--
-- AUTO_INCREMENT de la tabla `pensum`
--
ALTER TABLE `pensum`
  MODIFY `id` int(11) NOT NULL AUTO_INCREMENT, AUTO_INCREMENT=53;
--
-- AUTO_INCREMENT de la tabla `plan`
--
ALTER TABLE `plan`
  MODIFY `id` int(11) NOT NULL AUTO_INCREMENT;
--
-- AUTO_INCREMENT de la tabla `profesores`
--
ALTER TABLE `profesores`
  MODIFY `id` int(11) NOT NULL AUTO_INCREMENT, AUTO_INCREMENT=2;
--
-- AUTO_INCREMENT de la tabla `rubrica`
--
ALTER TABLE `rubrica`
  MODIFY `id` int(11) NOT NULL AUTO_INCREMENT;
--
-- AUTO_INCREMENT de la tabla `seguimiento`
--
ALTER TABLE `seguimiento`
  MODIFY `id` int(11) NOT NULL AUTO_INCREMENT;
--
-- Restricciones para tablas volcadas
--

--
-- Filtros para la tabla `activity`
--
ALTER TABLE `activity`
  ADD CONSTRAINT `fk_activity_plan1` FOREIGN KEY (`plan_id`) REFERENCES `plan` (`id`) ON DELETE NO ACTION ON UPDATE NO ACTION;

--
-- Filtros para la tabla `acudiente`
--
ALTER TABLE `acudiente`
  ADD CONSTRAINT `fk_acudiente_alumnos1` FOREIGN KEY (`id_alumno`) REFERENCES `alumnos` (`id`) ON DELETE NO ACTION ON UPDATE NO ACTION;

--
-- Filtros para la tabla `asignaciones`
--
ALTER TABLE `asignaciones`
  ADD CONSTRAINT `fk_asignaciones_grado1` FOREIGN KEY (`grado_id`) REFERENCES `grado` (`id`) ON DELETE NO ACTION ON UPDATE NO ACTION;

--
-- Filtros para la tabla `disponibles`
--
ALTER TABLE `disponibles`
  ADD CONSTRAINT `fk_disponibles_asignaciones1` FOREIGN KEY (`asignaciones_id`) REFERENCES `asignaciones` (`id`) ON DELETE NO ACTION ON UPDATE NO ACTION,
  ADD CONSTRAINT `fk_disponibles_horarios1` FOREIGN KEY (`horarios_id`) REFERENCES `horarios` (`id`) ON DELETE NO ACTION ON UPDATE NO ACTION;

--
-- Filtros para la tabla `ejecucion_plan`
--
ALTER TABLE `ejecucion_plan`
  ADD CONSTRAINT `fk_ejecucion_plan_matricula1` FOREIGN KEY (`matricula_id`) REFERENCES `matricula` (`id`) ON DELETE NO ACTION ON UPDATE NO ACTION;

--
-- Filtros para la tabla `evaluacion`
--
ALTER TABLE `evaluacion`
  ADD CONSTRAINT `fk_evaluacion_ejecucion_plan1` FOREIGN KEY (`ejecucion_plan_id`) REFERENCES `ejecucion_plan` (`id`) ON DELETE NO ACTION ON UPDATE NO ACTION;

--
-- Filtros para la tabla `evaluacioncortes`
--
ALTER TABLE `evaluacioncortes`
  ADD CONSTRAINT `fk_evaluacioncortes_horarios1` FOREIGN KEY (`id_horario`) REFERENCES `horarios` (`id`) ON DELETE NO ACTION ON UPDATE NO ACTION;

--
-- Filtros para la tabla `horarios`
--
ALTER TABLE `horarios`
  ADD CONSTRAINT `fk_horarios_profesores1` FOREIGN KEY (`profesores_id`) REFERENCES `profesores` (`id`) ON DELETE NO ACTION ON UPDATE NO ACTION;

--
-- Filtros para la tabla `matricula`
--
ALTER TABLE `matricula`
  ADD CONSTRAINT `fk_matricula_administrador1` FOREIGN KEY (`matriculador`) REFERENCES `administrador` (`id`) ON DELETE NO ACTION ON UPDATE NO ACTION,
  ADD CONSTRAINT `fk_matricula_alumnos` FOREIGN KEY (`alumnos_id`) REFERENCES `alumnos` (`id`) ON DELETE NO ACTION ON UPDATE NO ACTION,
  ADD CONSTRAINT `fk_matricula_grado1` FOREIGN KEY (`grado_id`) REFERENCES `grado` (`id`) ON DELETE NO ACTION ON UPDATE NO ACTION;

--
-- Filtros para la tabla `matricula_has_horarios`
--
ALTER TABLE `matricula_has_horarios`
  ADD CONSTRAINT `fk_matricula_has_horarios_horarios1` FOREIGN KEY (`horarios_id`) REFERENCES `horarios` (`id`) ON DELETE NO ACTION ON UPDATE NO ACTION,
  ADD CONSTRAINT `fk_matricula_has_horarios_matricula1` FOREIGN KEY (`matricula_id`) REFERENCES `matricula` (`id`) ON DELETE NO ACTION ON UPDATE NO ACTION;

--
-- Filtros para la tabla `pensum`
--
ALTER TABLE `pensum`
  ADD CONSTRAINT `fk_pensum_matricula1` FOREIGN KEY (`matricula_id`) REFERENCES `matricula` (`id`) ON DELETE NO ACTION ON UPDATE NO ACTION;

--
-- Filtros para la tabla `plan`
--
ALTER TABLE `plan`
  ADD CONSTRAINT `fk_plan_asignaciones1` FOREIGN KEY (`asignaciones_id`) REFERENCES `asignaciones` (`id`) ON DELETE NO ACTION ON UPDATE NO ACTION;

--
-- Filtros para la tabla `rubrica`
--
ALTER TABLE `rubrica`
  ADD CONSTRAINT `fk_rubrica_plan1` FOREIGN KEY (`plan_id`) REFERENCES `plan` (`id`) ON DELETE NO ACTION ON UPDATE NO ACTION;

--
-- Filtros para la tabla `seguimiento`
--
ALTER TABLE `seguimiento`
  ADD CONSTRAINT `fk_seguimiento_ejecucion_plan1` FOREIGN KEY (`ejecucion_plan_id`) REFERENCES `ejecucion_plan` (`id`) ON DELETE NO ACTION ON UPDATE NO ACTION;

/*!40101 SET CHARACTER_SET_CLIENT=@OLD_CHARACTER_SET_CLIENT */;
/*!40101 SET CHARACTER_SET_RESULTS=@OLD_CHARACTER_SET_RESULTS */;
/*!40101 SET COLLATION_CONNECTION=@OLD_COLLATION_CONNECTION */;
